sample_id,initial,final,global_max,global_min,peak_time,valley_time,net_change,total_variation,area,positive_fraction,negative_fraction,max_positive_slope,max_negative_slope,median_positive_slope,median_negative_slope,segment_count,max_to_next_min,min_to_next_max,recovery_amplitude,recovery_ratio,pre_peak_slope,immediate_post_peak_slope,late_time_slope,pre_valley_slope,post_valley_slope,largest_slope_reversal,slope_sign_reversals,time_between_strongest_reversals,seg1_duration,seg1_ordinary_slope,seg1_theil_sen_slope,seg1_start_value,seg1_end_value,seg1_amplitude_change,seg1_normalized_amplitude_change,seg1_local_variance,seg1_raw_point_count,seg2_duration,seg2_ordinary_slope,seg2_theil_sen_slope,seg2_start_value,seg2_end_value,seg2_amplitude_change,seg2_normalized_amplitude_change,seg2_local_variance,seg2_raw_point_count,seg3_duration,seg3_ordinary_slope,seg3_theil_sen_slope,seg3_start_value,seg3_end_value,seg3_amplitude_change,seg3_normalized_amplitude_change,seg3_local_variance,seg3_raw_point_count,seg4_duration,seg4_ordinary_slope,seg4_theil_sen_slope,seg4_start_value,seg4_end_value,seg4_amplitude_change,seg4_normalized_amplitude_change,seg4_local_variance,seg4_raw_point_count
S0005,1.0,0.725155972266055,1.0,0.725155972266055,0.0,1.0,-0.274844027733945,0.34028308195631274,0.8798876714434603,0.27586206896551724,0.5517241379310345,0.20286106808934082,-1.4200274766253838,0.10143053404467076,-0.45643740320101345,4.0,0.274844027733945,0.0,0.019631716266710342,0.07142857142857137,,-1.4200274766253838,-0.8375264096831334,-0.17670816285445648,,1.2391430242457178,2.0,0.2903225806451615,0.12903225806451613,-0.5734726347910197,-0.6339408377791887,1.0,0.9182011822220402,-0.08179881777795983,-0.29761904761904767,0.0011205272689172104,3.0,0.4193548387096775,-0.1101245798199275,-0.10143053404467035,0.9214731349331585,0.8723938442663827,-0.049079290666775854,-0.17857142857142844,0.0002475414134310147,14.0,0.2580645161290325,0.04902475812159052,0.05578679372456942,0.8494901752885539,0.8527621279996723,0.0032719527111184643,0.011904761904762164,4.1501009959896455e-05,9.0,0.09677419354838701,-1.1563080881092398,-1.1833562305211482,0.8364023644440803,0.725155972266055,-0.11124639217802534,-0.4047619047619047,0.0017423485320026359,4.0
S0006,1.0,0.9284850275712431,1.0,0.9284850275712431,0.0,0.8387096774193549,-0.07151497242875693,0.08451769468853132,0.9514495128526181,0.06451612903225806,0.5806451612903226,0.1007710975132554,-0.30231329253974387,0.10077109751325145,-0.10077109751324997,3.0,0.07151497242875693,0.0032506805649437087,0.0032506805649437087,0.04545454545454842,,-0.100771097513248,-0.01439587107332214,-0.07837752028808204,-0.011516696858657713,0.0,0.0,,0.12903225806451613,-0.1713108657725218,-0.16375303345902822,1.0,0.9772452360453956,-0.022754763954604407,-0.3181818181818172,6.509225267345615e-05,5.0,0.3548387096774193,-0.06588879452789344,-0.06718073167549912,0.9707438749155087,0.9447384303959606,-0.026005444519548115,-0.3636363636363656,5.540297029272639e-05,12.0,0.4516129032258064,-0.029151638923475498,-0.025192774378313722,0.9382370692660736,0.9284850275712431,-0.009752041694830571,-0.1363636363636375,2.2073130415962887e-05,15.0,,,,,,,,,
S0007,1.0,0.2598218571140814,1.0288381094630876,0.2598218571140814,0.07999999999999995,1.0,-0.7401781428859187,0.7978543618120939,0.7152717325677803,0.08,0.92,0.48063515771812965,-2.4031757885906493,0.36047636828859564,-0.6007939471476624,3.0,0.7690162523490063,0.0,0.028838109463087624,0.03749999999999985,0.36047636828859553,-0.4806351577181288,-0.5630297561840938,-0.8472324352802301,,0.0,0.0,,0.5599999999999999,-0.49136362106005144,-0.5570998419005583,1.0,0.7596824211409354,-0.24031757885906457,-0.31250000000000017,0.007613067991553457,15.0,0.12,-2.1147946939597686,-2.092765582564354,0.7164252569463039,0.4664949749328767,-0.24993028201342715,-0.3250000000000001,0.008968969261458425,4.0,0.24,-0.575045635127047,-0.5527304313758487,0.4184314591610639,0.2598218571140814,-0.1586096020469825,-0.20624999999999993,0.0022535276328775763,7.0,,,,,,,,,
S0008,1.0,1.0364473191157235,1.0989284375998203,1.0,0.19999999999999998,0.0,0.03644731911572352,0.1926501153259652,1.0719574214541854,0.24,0.52,1.9525349526280322,-0.26033799368374,0.1301689968418673,-0.1301689968418674,2.0,0.062481118484096765,0.09892843759982028,0.09892843759982028,1.0,0.3867878763301246,0.0,-0.10041608327801181,,-0.03591329246201292,1.2366054699977544,1.0,,0.08,1.17152097157682,1.1715209715768198,1.0,1.0937216777261456,0.09372167772614559,0.9473684210526322,0.0016808415996907918,3.0,0.88,-0.06637075333043892,-0.0650844984209346,1.0937216777261456,1.0364473191157235,-0.05727435861042207,-0.5789473684210507,0.0003564831443212723,23.0,,,,,,,,,,,,,,,,,,
S0009,1.0,0.7082678053709077,1.0,0.7082678053709077,0.0,1.0,-0.2917321946290923,0.2917321946290923,0.7788328979029445,0.0,1.0,0.0,-1.1366189401133462,0.0,-0.1363942728136012,2.0,0.2917321946290923,0.0,0.0,0.0,,-0.8638303944861451,-0.06819713640679984,-0.23456817247613906,,0.0,0.0,,0.1666666666666666,-1.0002246672997457,-1.0002246672997457,1.0,0.8332958887833758,-0.1667041112166242,-0.5714285714285716,0.004660419063087977,3.0,0.7500000000000001,-0.10801324230895318,-0.10608443441057917,0.7916198609792198,0.7082678053709077,-0.08335205560831205,-0.2857142857142856,0.0006838471175529094,10.0,,,,,,,,,,,,,,,,,,
S0010,1.0,0.7517973402557228,1.0,0.7517973402557228,0.0,1.0,-0.24820265974427724,0.24820265974427724,0.8112239720974807,0.0,1.0,0.0,-0.8446299465924649,0.0,-0.08890841543078448,2.0,0.24820265974427724,0.0,0.0,0.0,,-0.5779047003001115,-0.06668131157308867,-0.20932558248402047,,0.0,0.0,,0.24999999999999994,-0.7112673234462874,-0.7038582888270557,1.0,0.8258876864480442,-0.17411231355195578,-0.7014925373134332,0.004412088691864317,4.0,0.6666666666666666,-0.06297679426347325,-0.056361584782015986,0.7999560652807317,0.7517973402557228,-0.04815872502500895,-0.19402985074626838,0.00019246712954161047,9.0,,,,,,,,,,,,,,,,,,
S0013,1.0,0.9694381552646864,1.0,0.9694381552646864,0.0,1.0,-0.030561844735313648,0.040749126313751494,0.984294607566575,0.041666666666666664,0.2916666666666667,0.12224737894125426,-0.122247378941257,0.12224737894125426,-0.12224737894125426,4.0,0.030561844735313648,0.0,0.005093640789218923,0.16666666666666607,,-0.12224737894125146,-0.08557316525887843,-0.01645637793439973,,0.10187281578437918,2.0,0.41666666666666674,0.08333333333333336,-0.12224737894125279,-0.12224737894125279,1.0,0.9898127184215623,-0.010187281578437735,-0.3333333333333285,1.7296784326396136e-05,3.0,0.25,-0.0261958669159836,-0.024449475788251362,0.9898127184215623,0.9847190776323432,-0.005093640789219034,-0.16666666666666968,6.353920772962262e-06,7.0,0.3750000000000001,0.01852233014261426,0.015280922367656768,0.9796254368431243,0.9847190776323432,0.005093640789218923,0.16666666666666607,6.486294122398692e-06,10.0,0.16666666666666674,-0.08557316525887843,-0.08659189341672241,0.9847190776323432,0.9694381552646864,-0.01528092236765688,-0.5000000000000018,2.6982983549178923e-05,5.0
S0014,1.0,0.7045688342253007,1.0,0.7045688342253007,0.0,1.0,-0.2954311657746993,0.2954311657746993,0.870536629940685,0.0,0.9583333333333334,0.0,-0.7334842736475243,0.0,-0.24449475788251585,3.0,0.2954311657746993,0.0,0.0,0.0,,-0.3667421368237623,-0.4889895157650194,-0.26696946831863283,,0.0,0.0,,0.125,-0.36674213682376355,-0.36674213682376355,1.0,0.9541572328970296,-0.045842767102970416,-0.1551724137931029,0.00029188323550794284,4.0,0.45833333333333326,-0.15302294287052207,-0.14465939841381809,0.9439699513185916,0.8624716986910883,-0.08149825262750332,-0.27586206896551746,0.0004987239480777735,12.0,0.33333333333333326,-0.3585923115610147,-0.366742136823765,0.8319098539557747,0.7045688342253007,-0.12734101973047396,-0.4310344827586211,0.0015342888319155629,9.0,,,,,,,,,
S0015,1.0,0.5523456635989298,1.0,0.5523456635989298,0.0,0.9285714285714288,-0.4476543364010702,0.4732345841954172,0.6304567773995247,0.047619047619047616,0.5714285714285714,0.268592601840643,-3.2231112220877143,0.2685926018406424,-0.5371852036812822,2.0,0.4476543364010702,0.0,0.006395061948586744,0.014285714285714346,,-3.2231112220877143,-0.06267160709614936,-0.3259393900009892,0.0,0.0,0.0,,0.2142857142857143,-1.5203969098130896,-1.4772593101235316,1.0,0.6610617167249039,-0.3389382832750961,-0.7571428571428573,0.011040504805397623,10.0,0.7619047619047619,-0.10188923900037719,-0.08953086728021405,0.6482715928277304,0.5523456635989298,-0.09592592922880061,-0.21428571428571394,0.0005881029929561597,33.0,,,,,,,,,,,,,,,,,,
S0016,1.0,0.9814092588605251,1.0123938274263165,0.9690154314342087,0.3333333333333333,0.5476190476190477,-0.018590741139474898,0.1425290154026403,0.9834011239826117,0.23809523809523808,0.2619047619047619,0.26027037595266006,-0.5205407519053004,0.2602703759526459,-0.26027037595264985,4.0,0.0433783959921078,0.018590741139474898,0.037181482278949574,0.8571428571428579,0.07901064984276752,-0.26027037595264985,-0.017351358396843663,-0.0015842544623205286,0.024852885523297744,0.6651354052123213,3.0,0.26190476190476186,0.047619047619047616,-0.5205407519052956,-0.5205407519052956,1.0,0.9752123451473669,-0.024787654852633123,-0.5714285714285736,0.00010240463884887773,3.0,0.23809523809523814,0.14433175393737677,0.14459465330702576,0.9752123451473669,1.0061969137131581,0.030984568565791237,0.7142857142857132,0.0001256784204054397,11.0,0.14285714285714285,-0.2602703759526468,-0.2602703759526466,1.0123938274263165,0.9752123451473669,-0.037181482278949574,-0.8571428571428579,0.00015360695827331544,7.0,0.5,0.021309545179635025,0.01735135839684303,0.9752123451473669,0.9814092588605251,0.006196913713158225,0.14285714285714213,1.9756266844036947e-05,22.0
S0017,1.0,0.8829837788753425,1.0,0.8829837788753425,0.0,1.0,-0.11701622112465748,0.11701622112465748,0.9579885371526136,0.0,0.38095238095238093,0.0,-0.5173348723405983,0.0,-0.2586674361702974,3.0,0.11701622112465748,0.0,0.0,0.0,,0.0,-0.11640034627663332,-0.12773218306808606,,0.0,0.0,,0.5476190476190476,-0.034301551318235375,-0.03043146307885903,1.0,0.9753650060790194,-0.024634993920980564,-0.21052631578947403,3.944475611616418e-05,24.0,0.19047619047619047,-0.344889914893727,-0.3448899148937272,0.9753650060790194,0.9076187727963231,-0.06774623328269636,-0.5789473684210519,0.00045609874183957626,9.0,0.2142857142857143,-0.11444074448746439,-0.12933371808514693,0.9076187727963231,0.8829837788753425,-0.024634993920980564,-0.21052631578947403,6.410200900453809e-05,10.0,,,,,,,,,
S0018,1.0,0.710444775886996,1.0,0.710444775886996,0.0,1.0,-0.28955522411300405,0.28955522411300405,0.7796862425227145,0.0,1.0,0.0,-1.2001854216857868,0.0,-0.1384829332714363,2.0,0.28955522411300405,0.0,0.0,0.0,,-0.8308975996286188,-0.06924146663571885,-0.23467853726884505,,0.0,0.0,,0.18181818181818177,-1.0155415106572023,-1.0155415106572026,1.0,0.8153560889714178,-0.18464391102858224,-0.6376811594202897,0.005744843073431899,3.0,0.7272727272727273,-0.10540089921214901,-0.10078480143643428,0.7901773738311565,0.710444775886996,-0.07973259794416054,-0.2753623188405797,0.0006278802148074222,9.0,,,,,,,,,,,,,,,,,,
S0019,1.0,0.7574975511869967,1.0,0.7574975511869967,0.0,1.0,-0.2425024488130033,0.2425024488130033,0.8144800218248751,0.0,1.0,0.0,-0.8138217773724515,0.0,-0.09042464193027241,2.0,0.2425024488130033,0.0,0.0,0.0,,-0.5877601725467683,-0.04521232096513682,-0.2086722506083211,,0.0,0.0,,0.27272727272727265,-0.664621118187502,-0.663114040821998,1.0,0.8232609271362858,-0.17673907286371415,-0.7288135593220334,0.004589843644000971,4.0,0.6363636363636365,-0.060821336536433346,-0.055385093182291914,0.7985996611553025,0.7574975511869967,-0.04110210996830577,-0.1694915254237293,0.00016656264891676023,8.0,,,,,,,,,,,,,,,,,,
S0020,1.0,0.647514287547973,1.0,0.647514287547973,0.0,0.9615384615384615,-0.352485712452027,0.352485712452027,0.7491928584475962,0.0,0.9230769230769231,0.0,-1.8594898453991078,0.0,-0.2656414064855839,2.0,0.352485712452027,0.0,0.0,0.0,,-0.5312828129711649,-0.15558996665584257,-0.30106026068366376,0.0,0.0,0.0,,0.19230769230769226,-1.036001485293784,-1.0625656259423424,1.0,0.8160944108945947,-0.18390558910540533,-0.5217391304347825,0.004817007686137911,6.0,0.7692307692307694,-0.18991635619521416,-0.18594898453991,0.8007689451358109,0.647514287547973,-0.15325465758783785,-0.4347826086956523,0.0020163660864847056,21.0,,,,,,,,,,,,,,,,,,
S0021,1.0,0.8050454442140261,1.0,0.8050454442140261,0.0,0.923076923076923,-0.19495455578597387,0.19495455578597387,0.8623165769813912,0.0,0.6923076923076923,0.0,-1.223507901829217,0.0,-0.17478684311846168,2.0,0.19495455578597387,0.0,0.0,0.0,,-1.223507901829217,-0.08489646665753704,-0.15999718716228203,0.0,0.0,0.0,,0.07692307692307687,-0.9613276371515277,-0.9613276371515277,1.0,0.9260517202191133,-0.0739482797808867,-0.37931034482758647,0.0009339878267720173,3.0,0.8846153846153847,-0.12729041835800844,-0.12879030545570705,0.9126065784407703,0.8050454442140261,-0.10756113422674418,-0.5517241379310344,0.0011655232834928012,24.0,,,,,,,,,,,,,,,,,,
S0022,1.0,0.9564697162578376,1.0,0.9516330180642643,0.0,0.3846153846153846,-0.04353028374216239,0.07255047290360273,0.9632596964142007,0.11538461538461539,0.34615384615384615,0.12575415303290977,-0.2515083060658314,0.1257541530329076,-0.12575415303291293,2.0,0.04836698193573574,0.009673396387146815,0.009673396387146815,0.1999999999999931,,-0.12575415303291307,0.0,-0.11432195730264821,0.0064726402296349465,0.0,0.0,,0.4230769230769231,-0.11036465878063333,-0.11160681081671023,1.0,0.9516330180642643,-0.04836698193573574,-1.0,0.00022662597871476724,12.0,0.5384615384615385,0.0017964879004701007,0.0,0.9564697162578376,0.9564697162578376,0.0,0.0,5.822419410133878e-06,15.0,,,,,,,,,,,,,,,,,,
S0023,1.0,0.878019410379551,1.0,0.878019410379551,0.0,1.0,-0.121980589620449,0.121980589620449,0.9301705320288733,0.0,0.6521739130434783,0.0,-0.3506941951587914,0.0,-0.11689806505293218,3.0,0.121980589620449,0.0,0.0,0.0,,-0.23379613010586162,-0.1753470975793956,-0.08955408287967953,,0.0,0.0,,0.21739130434782605,-0.26385563254804295,-0.26302064636909345,1.0,0.9440922297572941,-0.05590777024270588,-0.45833333333333404,0.00038532816835984976,6.0,0.6086956521739131,-0.04801170528959622,-0.046759226021172315,0.9390097051897754,0.9085145577846633,-0.030495147405112166,-0.2499999999999993,8.541799843865218e-05,15.0,0.08695652173913049,-0.2922451626323249,-0.292245162632325,0.9034320332171445,0.878019410379551,-0.02541262283759349,-0.20833333333333293,0.0001090686808020426,3.0,,,,,,,,,
S0025,1.0,0.9609462417458902,1.0,0.9609462417458902,0.0,1.0,-0.03905375825410984,0.03905375825410984,0.9795455941144099,0.0,0.8125,0.0,-0.09997762113052203,0.0,-0.04998881056526035,3.0,0.03905375825410984,0.0,0.0,0.0,,-0.02499440528263185,-0.017496083697841062,-0.04472038200078452,,0.0,0.0,,0.24999999999999994,-0.027493845810893456,-0.024994405282631194,1.0,0.9937513986793424,-0.006248601320657632,-0.16000000000000147,6.4424280466464875e-06,5.0,0.3750000000000001,-0.06962727185875572,-0.06998433479136455,0.9921892483491781,0.9671948430665477,-0.024994405282630416,-0.6400000000000031,7.629715342812492e-05,7.0,0.2500000000000001,-0.012497202641315036,-0.012497202641315045,0.9640705424062189,0.9609462417458902,-0.0031243006603287604,-0.07999999999999932,1.5618007385809167e-06,5.0,,,,,,,,,
S0028,1.0,0.8752201595768022,1.0056718109283271,0.8752201595768022,0.03571428571428573,1.0,-0.12477984042319779,0.13612346227985206,0.94348445539274,0.03571428571428571,0.7142857142857143,0.15881070599315975,-0.31762141198632915,0.15881070599315975,-0.15881070599316294,3.0,0.13045165135152492,0.0,0.005671810928327137,0.04347826086956496,0.15881070599315972,-0.15881070599315986,-0.05898683365460246,-0.14026975164814665,,0.0,0.0,,0.5357142857142858,-0.10089150733683133,-0.10587380399543984,1.0,0.9489537016450555,-0.05104629835494445,-0.3913043478260863,0.00028097994557094505,16.0,0.2499999999999999,-0.19473217520590017,-0.19057284719179418,0.9376100797884009,0.8865637814334565,-0.05104629835494445,-0.3913043478260863,0.0002568528661659287,8.0,0.1428571428571429,-0.07940535299658016,-0.07940535299658064,0.8865637814334565,0.8752201595768022,-0.011343621856654273,-0.08695652173912992,2.058844109228243e-05,5.0,,,,,,,,,
S0029,1.0,1.025086481679894,1.0301037780158728,1.0,0.75,0.0,0.025086481679893913,0.05519025969576696,1.0203379690761998,0.21428571428571427,0.10714285714285714,0.2809685948148132,-0.1404842974074097,0.14048429740741022,-0.14048429740740884,5.0,0.005017296335978916,0.03010377801587283,0.03010377801587283,1.0,0.021179733149507243,-0.1404842974074097,-2.428612866367528e-17,,0.02041520578087915,0.0,0.0,,0.07142857142857142,0.14048429740740653,0.14048429740740653,1.0,1.0100345926719576,0.01003459267195761,0.3333333333333333,2.2376233353801188e-05,3.0,0.17857142857142855,0.0,0.0,1.0150518890079365,1.0150518890079365,0.0,0.0,0.0,6.0,0.0714285714285714,-0.07024214870370485,-0.07024214870370485,1.0301037780158728,1.025086481679894,-0.005017296335978916,-0.16666666666667035,5.594058338450546e-06,3.0,0.14285714285714313,-0.02809685948148191,0.0,1.0301037780158728,1.025086481679894,-0.005017296335978916,-0.16666666666667035,4.027722003684392e-06,5.0
S0030,1.0,0.9456776332121685,1.0,0.9456776332121685,0.0,0.8461538461538461,-0.05432236678783153,0.05432236678783153,0.9650038598578392,0.0,0.4230769230769231,0.0,-0.23539692274726853,0.0,-0.11769846137363468,2.0,0.05432236678783153,0.0,0.0,0.0,,-0.11769846137364005,-0.016814065910519597,-0.05605796282815419,0.0,0.0,0.0,,0.15384615384615388,-0.08238892296154424,-0.08336974347299175,1.0,0.9864194083030421,-0.013580591696957911,-0.2500000000000005,2.1312196630339932e-05,5.0,0.8076923076923077,-0.03801440988465229,-0.03923282045787744,0.9773656805050702,0.9456776332121685,-0.031688047292901755,-0.5833333333333338,8.925244456602995e-05,22.0,,,,,,,,,,,,,,,,,,
S0031,1.0,0.8464426931609319,1.0,0.8464426931609319,0.0,1.0,-0.1535573068390681,0.17217031372865144,0.9481878317833213,0.07692307692307693,0.6538461538461539,0.12098454478229195,-0.48393817912918735,0.1209845447822917,-0.24196908956458935,2.0,0.1535573068390681,0.0,0.004653251722395835,0.030303030303029208,,-0.24196908956459753,-0.36295363434688854,-0.11411545890637809,,0.0,0.0,,0.6153846153846153,-0.055747780438901245,-0.0537709087921319,1.0,0.9581207344984359,-0.04187926550156407,-0.272727272727273,0.0001404057317763779,17.0,0.34615384615384615,-0.3534215186973738,-0.3629536343468881,0.9627739862208318,0.8464426931609319,-0.11633129305989987,-0.7575757575757562,0.0015338809227759588,10.0,,,,,,,,,,,,,,,,,,
S0037,1.0,0.8749640016759825,1.0,0.8749640016759825,0.0,1.0,-0.12503599832401746,0.1435598499275752,0.9423334857817803,0.047619047619047616,0.8571428571428571,0.19450044183735637,-0.29175066275604056,0.19450044183735637,-0.14587533137802028,3.0,0.12503599832401746,0.0,0.00926192580177887,0.07407407407407246,,-0.09725022091867469,-0.14587533137802078,-0.1351399173805038,,0.0,0.0,,0.09523809523809523,-0.09725022091867815,-0.09725022091867813,1.0,0.9907380741982211,-0.00926192580177887,-0.07407407407407246,1.4297211592942858e-05,3.0,0.33333333333333337,-0.20607784908958407,-0.20422546392922983,1.0,0.9351665193875466,-0.06483348061245342,-0.5185185185185179,0.0005133592537591258,8.0,0.4761904761904763,-0.1299616588640548,-0.1296669612249073,0.9351665193875466,0.8749640016759825,-0.06020251771156404,-0.4814814814814821,0.00038531576036850303,11.0,,,,,,,,,
S0038,1.0,0.7195446694846809,1.0,0.7195446694846809,0.0,1.0,-0.2804553305153191,0.2804553305153191,0.8648917574422232,0.0,1.0,0.0,-0.49079682840180694,0.0,-0.29447809704108513,3.0,0.2804553305153191,0.0,0.0,0.0,,-0.19631873136072267,-0.3730055895853748,-0.2669868235360261,,0.0,0.0,,0.5714285714285715,-0.27614063312277565,-0.27573858177483457,1.0,0.8410753127079859,-0.15892468729201414,-0.5666666666666665,0.002425072484073605,13.0,0.23809523809523814,-0.2299733710225617,-0.2290385199208444,0.8317268016908086,0.7756357355877448,-0.0560910661030638,-0.19999999999999993,0.0003544338917441576,6.0,0.09523809523809545,-0.4417171455616265,-0.44171714556162645,0.7616129690619787,0.7195446694846809,-0.04206829957729785,-0.14999999999999994,0.000296170786251967,3.0,,,,,,,,,
S0044,1.0,0.9954710255097584,1.0,0.9864130765292751,0.0,0.14814814814814808,-0.0045289744902415885,0.022644872451208164,0.9942129770402468,0.07407407407407407,0.1111111111111111,0.12228231123652589,-0.12228231123652589,0.12228231123652435,-0.12228231123652308,3.0,0.013586923470724876,0.009057948980483288,0.009057948980483288,0.6666666666666694,,-0.12228231123652289,0.0,-0.08559761786556695,0.006273614228656516,0.0,0.0,,0.14814814814814808,-0.08559761786556695,-0.0866166371258713,1.0,0.9864130765292751,-0.013586923470724876,-1.0,2.1332074330589862e-05,5.0,0.11111111111111108,0.0,0.0,0.9909420510195167,0.9909420510195167,0.0,0.0,0.0,4.0,0.6666666666666667,0.0,0.0,0.9954710255097584,0.9954710255097584,0.0,0.0,0.0,19.0,,,,,,,,,
S0045,1.0,0.8106406749624379,1.0,0.8106406749624379,0.0,1.0,-0.18935932503756214,0.18935932503756214,0.8961362432333653,0.0,0.9629629629629629,0.0,-0.3651929840010119,0.0,-0.2434619893340042,2.0,0.18935932503756214,0.0,0.0,0.0,,-0.24346198933400773,-0.14259916518134774,-0.1913915063935247,,0.0,0.0,,0.44444444444444436,-0.22874725371491997,-0.2299363232598971,1.0,0.9008117821231817,-0.09918821787681831,-0.5238095238095241,0.001008415187904246,13.0,0.5185185185185186,-0.15955455372425198,-0.16230799288933842,0.8917946714071073,0.8106406749624379,-0.08115399644466947,-0.4285714285714285,0.0006544413570712166,15.0,,,,,,,,,,,,,,,,,,
S0055,1.0,1.0089482134476915,1.0268446403430747,1.0,0.6388888888888888,0.0,0.008948213447691478,0.04474106723845783,1.0134223201715373,0.16666666666666666,0.1111111111111111,0.16106784205845118,-0.16106784205845118,0.16106784205845037,-0.1610678420584505,4.0,0.017896426895383177,0.026844640343074655,0.026844640343074655,1.0,0.028852152577426276,-0.16106784205845118,-0.04410190913505126,,0.010424732309615032,0.11811641750952628,1.0,,0.055555555555555566,0.16106784205844657,0.16106784205844657,1.0,1.0089482134476915,0.008948213447691478,0.3333333333333306,1.3345087317574432e-05,3.0,0.36111111111111105,0.0,0.0,1.0089482134476915,1.0089482134476915,0.0,0.0,0.0,14.0,0.16666666666666663,0.0632766522372476,0.06442713682337867,1.0134223201715373,1.0268446403430747,0.013422320171537327,0.5,1.5523877083709325e-05,7.0,0.3333333333333335,-0.050444324161162166,-0.05368928068614762,1.0223705336192288,1.0089482134476915,-0.013422320171537327,-0.5,2.961188014254719e-05,13.0
S0058,1.0,0.6140162552662064,1.0,0.6140162552662064,0.0,0.9705882352941174,-0.3859837447337936,0.3859837447337936,0.7517106461769335,0.0,0.8823529411764706,0.0,-1.6933480414127686,0.0,-0.4233370103531928,3.0,0.3859837447337936,0.0,0.0,0.0,,-1.6933480414127686,-0.2721452209413391,-0.3260891577838995,0.0,0.0,0.0,,0.05882352941176469,-1.4816795362361765,-1.4816795362361765,1.0,0.9128423802214014,-0.0871576197785986,-0.22580645161290333,0.0012746878701243448,3.0,0.38235294117647056,-0.38612056988258275,-0.3880589261570933,0.8941657474117017,0.7385271406642043,-0.1556386067474974,-0.4032258064516129,0.0021134648304433424,14.0,0.5,-0.24880333064617483,-0.24694658937269573,0.7385271406642043,0.6140162552662064,-0.12451088539799793,-0.3225806451612903,0.0014609387160124452,18.0,,,,,,,,,
S0059,1.0,0.5848775242989848,1.0,0.5848775242989848,0.0,1.0,-0.41512247570101524,0.8475417212229059,0.7008676278036802,0.20588235294117646,0.6176470588235294,1.7642705217293162,-11.173713304285657,1.1761803478195392,-0.5880901739097636,3.0,0.41512247570101524,0.0,0.21620962276094535,0.5208333333333331,,-11.173713304285657,-0.17852737422261009,-0.20097199220445974,,8.086239891259359,2.0,0.17647058823529416,0.05882352941176467,-6.616014456484934,-6.616014456484933,1.0,0.6108226790302983,-0.3891773209697017,-0.9374999999999998,0.029236363062763712,3.0,0.14705882352941174,1.419817705582162,1.4702254347744255,0.6194710639407361,0.8183839168808058,0.19891285294006966,0.47916666666666635,0.005146281360607279,6.0,0.7352941176470589,-0.3693407348623079,-0.36755635869360714,0.8270323017912437,0.5848775242989848,-0.2421547774922589,-0.5833333333333334,0.0068872956626185545,26.0,,,,,,,,,
S0060,1.0,0.8656429601180434,1.0,0.8656429601180434,0.0,1.0,-0.13435703988195657,0.13435703988195657,0.9140510112519837,0.0,0.5882352941176471,0.0,-0.38067827966554824,0.0,-0.19033913983277223,3.0,0.13435703988195657,0.0,0.0,0.0,,-0.19033913983276865,-0.06118043780339154,-0.12065475446542372,,0.0,0.0,,0.20588235294117646,-0.2877746518900233,-0.28550870974915715,1.0,0.944017900049185,-0.055982099950815045,-0.41666666666666524,0.0003795072693827914,8.0,0.49999999999999994,-0.10980348727195,-0.11103116490244987,0.9384196900541032,0.8824375901032881,-0.055982099950815045,-0.41666666666666524,0.000284864715783628,18.0,0.23529411764705888,-0.0634463799442577,-0.06344637994425746,0.8824375901032881,0.8656429601180434,-0.016794629985244725,-0.12500000000000114,2.6310085804124897e-05,9.0,,,,,,,,,
S0061,1.0,0.855095249287626,1.0,0.855095249287626,0.0,1.0,-0.14490475071237396,0.14490475071237396,0.9515823068533172,0.0,1.0,0.0,-0.35668861713815353,0.0,-0.11889620571271481,2.0,0.14490475071237396,0.0,0.0,0.0,,-0.05944810285636312,-0.29724051428179205,-0.13361252529235462,,0.0,0.0,,0.6250000000000001,-0.08430821859629017,-0.0792641371418116,1.0,0.9442674035721637,-0.055732596427836345,-0.384615384615386,0.0002872806597962422,11.0,0.3124999999999999,-0.2598731353435103,-0.2576084457108867,0.936836390715119,0.855095249287626,-0.081741141427493,-0.5641025641025641,0.0007795983512626555,6.0,,,,,,,,,,,,,,,,,,
S0062,1.0,0.9549113412534522,1.0,0.9436391765668153,0.0,0.8125,-0.04508865874654777,0.06763298811982166,0.9697060574046632,0.125,0.6875,0.12023642332413154,-0.18035463498619173,0.0901773174930956,-0.060118211662064776,3.0,0.056360823433184715,0.011272164686636943,0.011272164686636943,0.2,,0.0,0.06613003282827047,-0.06381779391819058,0.06613003282827047,0.12023642332412866,1.0,,0.37500000000000006,-0.07729484356551014,-0.07514776457757975,1.0,0.9736982823978473,-0.02630171760215272,-0.46666666666666407,9.565642474359287e-05,7.0,0.3125000000000001,-0.06011821166206384,-0.060118211662063964,0.9736982823978473,0.9549113412534522,-0.018786941144395053,-0.333333333333336,4.1177401715678675e-05,6.0,0.1875,0.06613003282827047,0.0601182116620647,0.9436391765668153,0.9549113412534522,0.011272164686636943,0.2,2.3824068135500037e-05,4.0,,,,,,,,,
S0063,1.0,0.5717427800759559,1.0,0.5717427800759559,0.0,1.0,-0.4282572199240441,0.4282572199240441,0.7205621639995612,0.0,1.0,0.0,-1.3383038122626343,0.0,-0.33457595306565774,2.0,0.4282572199240441,0.0,0.0,0.0,,-1.3383038122626343,-0.2517285742113057,-0.36420165284138795,,0.0,0.0,,0.19999999999999996,-0.949558419176824,-0.9293776474046109,1.0,0.8081764535756887,-0.19182354642431132,-0.44791666666666646,0.004278636391023252,6.0,0.7599999999999999,-0.27789090437583847,-0.26766076245252723,0.7903324027455201,0.5717427800759559,-0.21858962266956417,-0.5104166666666666,0.0041363468552287576,20.0,,,,,,,,,,,,,,,,,,
S0064,1.0,0.8903713802589797,1.0,0.8903713802589797,0.0,0.9600000000000002,-0.10962861974102034,0.10962861974102034,0.9291630457058023,0.0,0.72,0.0,-0.31623640309909623,0.0,-0.10541213436636696,2.0,0.10962861974102034,0.0,0.0,0.0,,-0.31623640309909623,-0.0752943816902609,-0.09738459490308106,0.0,0.0,0.0,,0.28,-0.2045497369252098,-0.21082426873272986,1.0,0.9409692047548351,-0.05903079524516486,-0.538461538461539,0.0003552971853417362,8.0,0.6799999999999999,-0.06570580924384424,-0.06588258397897882,0.9367527193801806,0.8903713802589797,-0.046381339121200904,-0.423076923076923,0.00019161540496929062,18.0,,,,,,,,,,,,,,,,,,
S0065,1.0,0.9585345009348967,1.0,0.9585345009348967,0.0,0.7599999999999999,-0.04146549906510333,0.049758598878124616,0.9719693226319903,0.04,0.4,0.10366374766276572,-0.2073274953255098,0.10366374766276572,-0.10366374766276067,4.0,0.04146549906510333,0.004146549906510644,0.004146549906510644,0.1000000000000075,,-0.2073274953255098,-0.014809106808966589,-0.04606411644262403,9.680376540049143e-18,0.0,0.0,,0.08000000000000002,-0.15549562149413665,-0.15549562149413662,1.0,0.9875603502804691,-0.012439649719530932,-0.2999999999999984,2.674602953116972e-05,3.0,0.27999999999999997,-0.06170461170402265,-0.062198248597654666,0.9875603502804691,0.9709741506544277,-0.016586199626041354,-0.4000000000000005,3.4387752254361445e-05,8.0,0.31999999999999984,-0.03973776993739006,-0.04016970221931826,0.9709741506544277,0.9585345009348967,-0.012439649719531043,-0.30000000000000104,1.8255226505401353e-05,9.0,0.19999999999999996,-0.014809106808966589,0.0,0.9626810508414073,0.9585345009348967,-0.004146549906510644,-0.1000000000000075,2.3880383509976983e-06,6.0
S0066,1.0,0.5756014891766592,1.0,0.5756014891766592,0.0,1.0,-0.4243985108233408,0.4243985108233408,0.728248050327635,0.0,1.0,0.0,-1.1840718451971124,0.0,-0.39469061506570435,3.0,0.4243985108233408,0.0,0.0,0.0,,-1.0525083068418883,-0.22553749432326095,-0.38347781350134025,,0.0,0.0,,0.1290322580645161,-0.973570183828744,-1.0031719799586716,1.0,0.8769244318612311,-0.12307556813876885,-0.29000000000000004,0.001992782358023063,5.0,0.32258064516129037,-0.43176761223854604,-0.39469061506570985,0.8557045063200641,0.7114090126401282,-0.14429549367993588,-0.34,0.0019526749679211657,11.0,0.4838709677419355,-0.2668031167527498,-0.2631270767104715,0.7029210424236615,0.5756014891766592,-0.12731955324700228,-0.3000000000000001,0.0015821194048852337,16.0,,,,,,,,,
S0067,1.0,0.9287592867385761,1.0,0.907806135779334,0.0,0.9032258064516129,-0.0712407132614239,0.13829079633099828,0.9347748687881652,0.16129032258064516,0.41935483870967744,0.38972860784189933,-0.6495476797365122,0.12990953594730392,-0.2598190718946001,4.0,0.092193864220666,0.020953150959242106,0.020953150959242106,0.22727272727272546,,-0.3897286078419085,-0.004639626283832761,-0.0538196648924537,0.23383716470514132,0.08660635729820126,1.0,,0.09677419354838707,-0.4936562365997488,-0.49798655446465834,1.0,0.953903067889667,-0.046096932110333055,-0.5000000000000006,0.00032049521063818155,4.0,0.25806451612903225,-0.06062445010874154,-0.06495476797365062,0.94552180750597,0.9287592867385761,-0.01676252076739393,-0.18181818181818302,2.731770440751664e-05,9.0,0.41935483870967766,0.01855850513532861,0.021651589324550642,0.9245686565467278,0.9245686565467278,0.0,0.0,1.2991838284186417e-05,14.0,0.12903225806451613,0.14290048954203002,0.16238691993412419,0.916187396163031,0.9287592867385761,0.012571890575545086,0.13636363636363336,6.60307940821661e-05,5.0
S0071,1.0,1.0,1.0222339666289417,1.0,0.14285714285714288,0.0,0.0,0.04446793325788345,1.0092641527620592,0.14285714285714285,0.19047619047619047,0.2334566496038881,-0.11672832480194653,0.11672832480194636,-0.11672832480194406,3.0,0.022233966628941726,0.022233966628941726,0.022233966628941726,1.0,0.15174682224252703,-0.11672832480194627,0.0,,-0.014434502050607343,0.1478558780824634,1.0,,0.14285714285714288,0.15174682224252703,0.1361830456022692,1.0,1.0222339666289417,0.022233966628941726,1.0,6.758681453902828e-05,4.0,0.5714285714285714,-0.0141100172837512,-0.011672832480194174,1.0166754749717062,1.0055584916572355,-0.011116983314470641,-0.49999999999999,9.50671677032451e-06,13.0,0.19047619047619047,0.0,0.0,1.0,1.0,0.0,0.0,0.0,5.0,,,,,,,,,
S0072,1.0,0.8643339036318534,1.0,0.8643339036318534,0.0,1.0,-0.13566609636814664,0.14697160439882562,0.9106326508051097,0.047619047619047616,0.6190476190476191,0.11870783432212942,-0.8309548402549003,0.11870783432212942,-0.11870783432212942,3.0,0.13566609636814664,0.0,0.0056527540153394895,0.041666666666667004,,-0.8309548402549003,-0.15432018461876754,-0.07802141115243214,,0.0,0.0,,0.09523809523809523,-0.5935391716106405,-0.5935391716106406,1.0,0.9434724598466057,-0.05652754015339434,-0.41666666666666596,0.0005609636908171012,3.0,0.7142857142857142,-0.035786920641229826,-0.03561235029663844,0.9265141978005873,0.8925976737085507,-0.033916524092036604,-0.24999999999999958,7.476649666720208e-05,16.0,0.09523809523809523,-0.23741566864425745,-0.2374156686442574,0.8869449196932112,0.8643339036318534,-0.022611016061357847,-0.1666666666666672,8.520967455449709e-05,3.0,,,,,,,,,
S0086,1.0,0.9416971233443826,1.0,0.9416971233443826,0.0,0.9166666666666665,-0.0583028766556174,0.06802002276488672,0.9637631426341822,0.041666666666666664,0.5,0.1166057533112317,-0.23321150662246912,0.1166057533112317,-0.11660575331123574,2.0,0.0583028766556174,0.004858573054634663,0.004858573054634663,0.08333333333333127,,-0.11660575331123721,-0.023321150662246364,-0.05450051513459889,0.0,0.0,0.0,,0.29166666666666663,-0.1179939170411303,-0.11660575331123463,1.0,0.9659899886175565,-0.03401001138244353,-0.5833333333333341,0.000129462687135239,8.0,0.6666666666666667,-0.03743959236218562,-0.03886858443707786,0.9659899886175565,0.9416971233443826,-0.02429286527317387,-0.41666666666666585,6.322088811927561e-05,17.0,,,,,,,,,,,,,,,,,,
S0087,1.0,0.8498661919136069,1.0,0.8498661919136069,0.0,1.0,-0.1501338080863931,0.16014272862548606,0.9499553973045355,0.041666666666666664,0.6666666666666666,0.12010704646911574,-0.48042818587645103,0.12010704646911574,-0.18016056970367478,2.0,0.1501338080863931,0.0,0.005004460269546485,0.03333333333333365,,-0.24021409293823115,-0.36032113940734356,-0.11253106353798578,,0.0,0.0,,0.6666666666666667,-0.05063336272717594,-0.045617580149327305,1.0,0.9599643178436283,-0.040035682156371655,-0.2666666666666678,0.0001322425400398949,17.0,0.2916666666666665,-0.3674703683638377,-0.3603211394073432,0.9549598575740819,0.8498661919136069,-0.10509366566047496,-0.6999999999999986,0.001233056340303372,8.0,,,,,,,,,,,,,,,,,,
S0091,1.0,0.988987656015375,1.0018353906641042,0.988987656015375,0.06666666666666674,1.0,-0.011012343984625028,0.01835390664104164,0.9946161873852946,0.13333333333333333,0.4,0.027530859961563098,-0.055061719923126175,0.027530859961562258,-0.027530859961563143,4.0,0.012847734648729237,0.0,0.0018353906641042084,0.14285714285714532,0.02753085996156309,0.0,-0.011012343984624577,-0.013077158481742334,,0.05506171992312628,1.0,,0.13333333333333336,0.013765429980781565,0.01376542998078156,1.0,1.0018353906641042,0.0018353906641042084,0.14285714285714532,7.485908644179749e-07,3.0,0.13333333333333325,-0.041296289942344716,-0.041296289942344716,1.0018353906641042,0.9963292186717916,-0.005506171992312625,-0.428571428571436,5.240136050925778e-06,3.0,0.39999999999999997,-0.005899469991763169,-0.005506171992312289,0.9926584373435832,0.9908230466794791,-0.0018353906641040973,-0.1428571428571367,8.249776873176687e-07,7.0,0.1333333333333332,-0.02753085996156149,-0.027530859961561488,0.9926584373435832,0.988987656015375,-0.0036707813282081947,-0.2857142857142734,2.245772593253653e-06,3.0
S0092,1.0,0.893547341481957,1.0,0.893547341481957,0.0,1.0,-0.10645265851804298,0.10645265851804298,0.9367402017772088,0.0,1.0,0.0,-0.19271601973094168,0.0,-0.08259257988469265,3.0,0.10645265851804298,0.0,0.0,0.0,,-0.13765429980781385,-0.05506171992312558,-0.10639867643968695,,0.0,0.0,,0.20000000000000004,-0.16518515976937706,-0.16518515976937714,1.0,0.9669629680461246,-0.03303703195387542,-0.310344827586207,0.00015243181476710707,4.0,0.3333333333333332,-0.08573896388029555,-0.08259257988468932,0.9541152333973951,0.9247489827717282,-0.02936625062566689,-0.27586206896551596,9.628749993575971e-05,6.0,0.33333333333333326,-0.0684338519044563,-0.0734156265641678,0.9155720294512073,0.893547341481957,-0.02202468796925028,-0.206896551724138,6.222661560474305e-05,6.0,,,,,,,,,
S0093,1.0,0.9202249623254503,1.0,0.9202249623254503,0.0,0.8235294117647056,-0.07977503767454974,0.07977503767454974,0.9368447618409813,0.0,0.5294117647058824,0.0,-0.33904391011683704,0.0,-0.11301463670561028,2.0,0.07977503767454974,0.0,0.0,0.0,,-0.2825365917640299,0.0,-0.07971568124770866,0.0,0.0,0.0,,0.17647058823529407,-0.27688585992874987,-0.28253659176403023,1.0,0.9501406014534064,-0.0498593985465936,-0.6250000000000002,0.0003335329161432648,4.0,0.7647058823529413,-0.026577068412088973,-0.02421742215120278,0.9401687217440876,0.9202249623254503,-0.019943759418637352,-0.24999999999999895,4.3969353883761425e-05,14.0,,,,,,,,,,,,,,,,,,
S0099,1.0,1.0338802323188803,1.0745365111015368,1.0,0.3333333333333334,0.0,0.033880232318880266,0.11519278988419335,1.0539730923191053,0.16666666666666666,0.4166666666666667,1.1587039453057033,-0.12196883634797338,0.21344546360894878,-0.1219688363479649,3.0,0.04065627878265654,0.0745365111015368,0.0745365111015368,1.0,0.1464296194617106,0.0,-0.02250615432611356,,-0.026718635558445482,0.0,0.0,,0.055555555555555546,1.0672273180447276,1.0672273180447276,1.0,1.0592904065580404,0.05929040655804041,0.7954545454545423,0.0005873268893137634,3.0,0.388888888888889,-0.00784085376522646,0.0,1.0694544762537046,1.0626784297899285,-0.006776046463776053,-0.09090909090909063,1.0254306601699884e-05,15.0,0.4999999999999999,-0.04033530816068747,-0.03659065090439082,1.0592904065580404,1.0338802323188803,-0.025410174239160144,-0.34090909090908916,4.421366848822621e-05,19.0,,,,,,,,,
S0100,1.0,1.0320675714020475,1.0783873967605608,1.0,0.13888888888888892,0.0,0.03206757140204752,0.12470722211907415,1.0612648972156404,0.1111111111111111,0.5555555555555556,1.2827028560819012,-0.19240542841228736,0.7375541422470973,-0.06413514280409527,2.0,0.04631982535851331,0.07838739676056083,0.07838739676056083,1.0,0.5643892566760382,-0.06413514280409509,-0.08933109176284662,,-0.02245794355657875,1.2036028466235176,1.0,,0.055555555555555546,1.1544325704737108,1.154432570473711,1.0,1.064135142804095,0.06413514280409505,0.8181818181818159,0.0006883739618452718,3.0,0.9166666666666667,-0.04745706594350411,-0.04917027614980645,1.0766058650160026,1.0320675714020475,-0.044538293613955116,-0.5681818181818195,0.00017832070205299241,34.0,,,,,,,,,,,,,,,,,,
S0105,1.0,0.790717801033767,1.0,0.790717801033767,0.0,1.0,-0.209282198966233,0.209282198966233,0.8713786485520025,0.0,1.0,0.0,-0.3662438481909105,0.0,-0.21364224477802904,2.0,0.209282198966233,0.0,0.0,0.0,,-0.3052032068257565,-0.15260160341287826,-0.19881808901792133,,0.0,0.0,,0.42857142857142866,-0.3182833442611459,-0.3174113350987865,1.0,0.8648385798343079,-0.1351614201656921,-0.645833333333333,0.002074805657636684,7.0,0.4999999999999999,-0.11118116820081134,-0.11161717278199099,0.8473983965871218,0.790717801033767,-0.05668059555335481,-0.2708333333333335,0.0003371304595452281,8.0,,,,,,,,,,,,,,,,,,
S0106,1.0,0.9580458404025958,1.0,0.9580458404025958,0.0,0.4999999999999998,-0.04195415959740423,0.04195415959740423,0.9655376546164178,0.0,0.42857142857142855,0.0,-0.23494329374546596,0.0,-0.05873582343636688,3.0,0.04195415959740423,0.0,0.0,0.0,,-0.23494329374546596,0.0,-0.07132207131558699,0.0,0.0,0.0,,0.1428571428571428,-0.17620747030909908,-0.17620747030909908,1.0,0.9748275042415573,-0.025172495758442714,-0.6000000000000042,0.00010952053824596834,3.0,0.2142857142857142,-0.05873582343636548,-0.0587358234363661,0.9748275042415573,0.9622412563623362,-0.012586247879221135,-0.2999999999999968,2.2001893844055465e-05,4.0,0.5000000000000002,0.0,0.0,0.9580458404025958,0.9580458404025958,0.0,0.0,0.0,8.0,,,,,,,,,
S0107,1.0,0.8131083875926588,1.0,0.8131083875926588,0.0,1.0,-0.1868916124073412,0.1868916124073412,0.8652612497036263,0.0,0.8,0.0,-0.7071574523521029,0.0,-0.1515337397897366,2.0,0.1868916124073412,0.0,0.0,0.0,,-0.606134959158946,-0.07071574523520986,-0.1517961358759521,,0.0,0.0,,0.20000000000000004,-0.5354192139237345,-0.5429959009132215,1.0,0.8939263821471847,-0.10607361785281533,-0.5675675675675679,0.001455310593075117,5.0,0.75,-0.09582280604350969,-0.10102249319315701,0.8888752574875269,0.8131083875926588,-0.07576686989486814,-0.40540540540540587,0.0005181506243834876,16.0,,,,,,,,,,,,,,,,,,
S0108,1.0,0.9429980079041383,1.015545997844326,0.9429980079041383,0.1,1.0,-0.05700199209586165,0.0880939877845136,0.970721704059853,0.05263157894736842,0.5789473684210527,0.15545997844325976,-0.4145599425153558,0.15545997844325976,-0.10363998562884055,3.0,0.07254798994018763,0.0,0.015545997844325976,0.21428571428571505,0.15545997844325973,-0.4145599425153558,-0.06218399137730303,-0.0630963924479541,,0.0,0.0,,0.15,-0.00740285611634464,-0.034546661876278716,1.0,0.9948180007185582,-0.005181999281441807,-0.07142857142856913,7.757567004160986e-05,3.0,0.49999999999999994,-0.07160580825265313,-0.06909332375256112,0.9896360014371162,0.9533620064670222,-0.03627399497009398,-0.5000000000000023,0.00013093668401810402,11.0,0.2500000000000001,-0.04145599425153531,-0.04145599425153532,0.9533620064670222,0.9429980079041383,-0.010363998562883836,-0.14285714285714132,1.4918398084924752e-05,6.0,,,,,,,,,
S0109,1.0,0.6776198773098242,1.0,0.6776198773098242,0.0,1.0,-0.3223801226901758,0.3223801226901758,0.7508716714311731,0.0,0.8461538461538461,0.0,-1.3020401071758574,0.0,-0.20344376674622708,2.0,0.3223801226901758,0.0,0.0,0.0,,-0.9765300803818944,-0.11392850937788727,-0.23618355729220142,,0.0,0.0,,0.19230769230769226,-1.1369600221589173,-1.1392850937788759,1.0,0.7902964250461962,-0.20970357495380376,-0.6504854368932041,0.005611374891422684,6.0,0.7692307692307693,-0.10230315127810288,-0.08699642978005342,0.7777768086310437,0.6776198773098242,-0.1001569313212195,-0.3106796116504849,0.0006535309232243133,21.0,,,,,,,,,,,,,,,,,,
S0110,1.0,0.804723552456055,1.0,0.8015739323343785,0.0,0.4999999999999999,-0.19527644754394502,0.20787492803065133,0.8272554502495871,0.07692307692307693,0.46153846153846156,0.08189012316359251,-1.2283518474538517,0.08189012316359096,-0.24567036949077053,2.0,0.19842606766562154,0.006299240243353155,0.006299240243353155,0.0317460317460322,,-0.7370111084723087,-0.018717742437392566,-0.35545712801778,0.011698589023370093,0.0,0.0,,0.19230769230769226,-0.9171693794322058,-0.9826814779630744,1.0,0.8362197536728204,-0.16378024632717958,-0.8253968253968249,0.0037288579643857925,6.0,0.7692307692307693,-0.010741431739639637,-0.00528873712098182,0.8236212731861142,0.804723552456055,-0.018897720730059242,-0.09523809523809548,2.7038477339830803e-05,21.0,,,,,,,,,,,,,,,,,,
S0125,1.0,1.0440348298330637,1.0440348298330637,1.0,0.8461538461538459,0.0,0.04403482983306373,0.04403482983306373,1.0287920041216185,0.6923076923076923,0.0,0.10408232505997113,0.0,0.05204116252998421,0.0,3.0,0.0,0.04403482983306373,0.04403482983306373,1.0,0.04640033722079048,0.0,0.0,,0.04174730620537223,0.0,0.0,,0.1538461538461539,0.10408232505996823,0.10408232505996824,1.0,1.0160126653938413,0.016012665393841274,0.3636363636363618,4.273424216918699e-05,3.0,0.5384615384615385,0.037172258949988914,0.0381015654237386,1.0200158317423016,1.0400316634846034,0.020015831742301815,0.4545454545454573,4.406968723697464e-05,8.0,0.15384615384615408,0.0,0.0,1.0440348298330637,1.0440348298330637,0.0,0.0,0.0,3.0,,,,,,,,,
S0138,1.0,1.022087187754675,1.0353395004074801,1.0,0.1818181818181818,0.0,0.02208718775467511,0.05742668816215457,1.0291149293129809,0.2727272727272727,0.36363636363636365,0.24295906530142636,-0.048591813060286745,0.14577543918085514,-0.048591813060284234,2.0,0.01325231265280502,0.03533950040748013,0.03533950040748013,1.0,0.19436725224114076,0.0,-0.04859181306028668,,0.008664973657603514,0.20738291645371718,1.0,,0.1818181818181818,0.19436725224114076,0.19436725224114074,1.0,1.0353395004074801,0.03533950040748013,1.0,0.0002124831047342505,3.0,0.7272727272727273,-0.013767680367080749,-0.01301566421257645,1.0353395004074801,1.022087187754675,-0.01325231265280502,-0.3749999999999992,1.4936454074289685e-05,9.0,,,,,,,,,,,,,,,,,,
S0139,1.0,0.8922088474228042,1.0,0.8922088474228042,0.0,1.0,-0.10779115257719585,0.10779115257719585,0.9605901912514203,0.0,0.8181818181818182,0.0,-0.20620916145202958,0.0,-0.1031045807260133,2.0,0.10779115257719585,0.0,0.0,0.0,,0.0,-0.10310458072601282,-0.120408846022687,,0.0,0.0,,0.3636363636363637,-0.02577614518150403,-0.02577614518150413,1.0,0.9906268562976349,-0.009373143702365083,-0.08695652173913254,1.2299815201126115e-05,5.0,0.5454545454545455,-0.17122725013427226,-0.1752777872342228,0.9812537125952703,0.8922088474228042,-0.08904486517246613,-0.826086956521739,0.0009834473232969855,7.0,,,,,,,,,,,,,,,,,,
S0140,1.0,0.7391799977580127,1.0,0.7391799977580127,0.0,1.0,-0.2608200022419873,0.2608200022419873,0.8704076164408935,0.0,1.0,0.0,-0.3957268999533596,0.0,-0.24732931247084985,4.0,0.2608200022419873,0.0,0.0,0.0,,-0.24732931247084985,-0.3462610374591899,-0.2539016997952503,,0.0,0.0,,0.1818181818181818,-0.22259638122376463,-0.2225963812237646,1.0,0.9595279306865883,-0.04047206931341174,-0.15517241379310312,0.00027412151458185423,3.0,0.1818181818181817,-0.3462610374591896,-0.3462610374591896,0.9280496545539345,0.8650931022886273,-0.06295655226530716,-0.24137931034482712,0.0006605879121890588,3.0,0.18181818181818166,-0.17313051872959456,-0.17313051872959456,0.85160241251749,0.8201241363848365,-0.03147827613265353,-0.12068965517241335,0.0001662704268775175,3.0,0.18181818181818188,-0.3462610374591899,-0.3462610374591899,0.80213655002332,0.7391799977580127,-0.06295655226530728,-0.24137931034482757,0.0006650817075100752,3.0
S0141,1.0,0.9250809532369547,1.0136216448660083,0.9250809532369547,0.04347826086956522,1.0,-0.07491904676304528,0.10216233649506179,0.9770504896279208,0.043478260869565216,0.5652173913043478,0.3132978319181898,-0.15664891595909797,0.3132978319181898,-0.15664891595909491,2.0,0.08854069162905354,0.0,0.013621644866008253,0.15384615384615405,0.3132978319181898,0.0,-0.10965424117136706,-0.09187799462122552,,0.26108152659849115,1.0,,0.08695652173913042,0.15664891595909497,0.15664891595909494,1.0,1.0136216448660083,0.013621644866008253,0.15384615384615405,4.1233157523477555e-05,3.0,0.8695652173913043,-0.10253383590049833,-0.10443261063939624,1.0136216448660083,0.9250809532369547,-0.08854069162905354,-1.0,0.0007346233983264446,21.0,,,,,,,,,,,,,,,,,,
S0153,1.0,0.6842182568468363,1.0,0.6842182568468363,0.0,1.0,-0.31578174315316365,0.31578174315316365,0.7566536741206457,0.0,0.8571428571428571,0.0,-1.2939349475544248,0.0,-0.20217733555538092,2.0,0.31578174315316365,0.0,0.0,0.0,,-0.808709342221516,-0.10513221448879742,-0.24220182671614485,,0.0,0.0,,0.2380952380952381,-0.9843147993896173,-1.0513221448879708,1.0,0.7804931785398741,-0.2195068214601259,-0.695121951219512,0.006535164609671847,6.0,0.7142857142857143,-0.09062301746658767,-0.08087093422215183,0.7650891910689881,0.6842182568468363,-0.08087093422215175,-0.25609756097561,0.00044838112896115206,16.0,,,,,,,,,,,,,,,,,,
S0154,1.0,0.8067057811827105,1.0,0.8028398968063647,0.0,0.5238095238095238,-0.19329421881728948,0.20875775632267257,0.8297169977085782,0.09523809523809523,0.47619047619047616,0.08118357190326252,-1.1365700066456632,0.08118357190326106,-0.20295892975815621,2.0,0.1971601031936353,0.007731768752691548,0.007731768752691548,0.03921568627450964,,-0.811835719032617,-0.016236714380652037,-0.33466934011869015,0.014022616965108755,0.0,0.0,,0.19047619047619047,-0.9011376481262036,-0.9200804815702983,1.0,0.8376328561934768,-0.16236714380652317,-0.8235294117647057,0.003751808367310344,5.0,0.761904761904762,-0.010147946487907667,0.0,0.8260352030644393,0.8067057811827105,-0.019329421881728814,-0.09803921568627381,2.9062715745107907e-05,17.0,,,,,,,,,,,,,,,,,,
S0163,1.0,0.5717712188152008,1.0,0.5717712188152008,0.0,1.0,-0.42822878118479923,0.42822878118479923,0.7249094030284029,0.0,0.967741935483871,0.0,-1.2068265651571555,0.0,-0.40227552171905034,3.0,0.42822878118479923,0.0,0.0,0.0,,-1.0727347245841443,-0.22029373808424335,-0.3847030022891222,,0.0,0.0,,0.12903225806451618,-0.9922796202403319,-1.0224502843692607,1.0,0.8745592459155639,-0.1254407540844361,-0.2929292929292929,0.0020701102869946373,5.0,0.29032258064516125,-0.4469728019100603,-0.42462416181455687,0.8529315296941093,0.7188396891210913,-0.13409184057301804,-0.31313131313131337,0.0017280855577261865,10.0,0.5161290322580645,-0.2681836811460361,-0.26818368114603625,0.7101886026325096,0.5717712188152008,-0.13841738381730884,-0.3232323232323232,0.001807326694755597,17.0,,,,,,,,,
S0164,1.0,0.9356733467761966,1.0,0.9099426854866752,0.0,0.8709677419354838,-0.06432665322380338,0.1329417499958605,0.9403076325460835,0.16129032258064516,0.3870967741935484,0.39882524998758334,-0.5317669999834397,0.1329417499958625,-0.1329417499958645,4.0,0.09005731451332477,0.025730661289521395,0.025730661289521395,0.2857142857142861,,-0.39882524998758473,0.042731276784383855,-0.0515904218648412,0.21270679999337655,0.08308859374741234,1.0,,0.09677419354838711,-0.45200194998592613,-0.45421764581919033,1.0,0.9571155645174643,-0.04288443548253573,-0.4761904761904776,0.00026666584696508587,4.0,0.25806451612903225,-0.06425517916466607,-0.06647087499792992,0.9528271209692109,0.9356733467761966,-0.017153774193014226,-0.1904761904761903,3.0424200505169497e-05,9.0,0.41935483870967727,0.012563725823784577,0.01661771874948243,0.9313849032279431,0.9270964596796895,-0.00428844354825364,-0.0476190476190485,1.4731364522701915e-05,14.0,0.12903225806451624,0.21270679999337655,0.2326480624927557,0.9099426854866752,0.9356733467761966,0.025730661289521395,0.2857142857142861,0.00010593070886337193,5.0
S0165,1.0,0.9134169913212389,1.0,0.9134169913212389,0.0,1.0,-0.08658300867876112,0.08892308999440335,0.9411079535563383,0.027777777777777776,0.9166666666666666,0.042121463681559924,-0.46333610049715346,0.042121463681559924,-0.08424292736311627,3.0,0.08658300867876112,0.0,0.0011700406578211142,0.01351351351351372,,-0.46333610049715346,-0.056161951575413094,-0.06788565910555724,,0.0,0.0,,0.055555555555555546,-0.37909317313403706,-0.37909317313403706,1.0,0.9789392681592202,-0.021060731840779834,-0.24324324324324442,7.514262218127678e-05,3.0,0.27777777777777773,-0.11143041755757974,-0.1095158055720547,0.9742591055279359,0.9438380484245874,-0.030421057103348526,-0.35135135135135165,9.743624920578046e-05,11.0,0.6111111111111112,-0.0412474016881674,-0.042121463681558266,0.9403279264511241,0.9134169913212389,-0.026910935129885183,-0.31081081081081047,5.848637086119087e-05,23.0,,,,,,,,,
S0166,1.0,0.9039442769572937,1.0,0.9039442769572937,0.0,1.0,-0.09605572304270626,0.09605572304270626,0.9293573933855979,0.0,0.7777777777777778,0.0,-0.6325620785739281,0.0,-0.0843416104765212,3.0,0.09605572304270626,0.0,0.0,0.0,,-0.6325620785739281,-0.04217080523826184,-0.07089454242401849,,0.0,0.0,,0.055555555555555546,-0.5482204680973993,-0.5482204680973993,1.0,0.9695433073279223,-0.030456692672077734,-0.31707317073170876,0.00015582142527101664,3.0,0.36111111111111105,-0.11112702303445067,-0.11069836375043497,0.9625148397882123,0.9215154458065695,-0.04099939398164276,-0.4268292682926813,0.0001559622240148435,14.0,0.5277777777777778,-0.03322932623285553,-0.03373664419060896,0.9215154458065695,0.9039442769572937,-0.017571168849275787,-0.1829268292682953,3.0270827566836937e-05,20.0,,,,,,,,,
S0167,1.0,0.8446457793952576,1.0,0.8434688534815852,0.0,0.8333333333333334,-0.15535422060474235,0.1577080724320873,0.8615477432110513,0.027777777777777776,0.6944444444444444,0.04236933289220894,-2.965853302454175,0.04236933289220894,-0.0847386657844019,3.0,0.15653114651841482,0.0011769259136724664,0.0011769259136724664,0.007518796992482317,,-2.965853302454175,-2.9273458657108604e-18,-0.09305877268702707,0.004539571381308083,0.0,0.0,,0.055555555555555566,-1.8006966479186033,-1.8006966479186033,1.0,0.8999612973378553,-0.10003870266214465,-0.6390977443609013,0.0019007399319417716,3.0,0.4444444444444444,-0.08255789129730652,-0.08003096212971572,0.890545890028477,0.850530408963619,-0.04001548106485797,-0.2556390977443612,0.00012891044391117094,17.0,0.44444444444444453,-0.012357722093559141,-0.012710799867661037,0.8493534830499467,0.8446457793952576,-0.004707703654689088,-0.030075187969924304,3.383803294218042e-06,17.0,,,,,,,,,
S0170,1.0,0.8863465701170766,1.0,0.8863465701170766,0.0,0.9218750000000001,-0.11365342988292337,0.143961011185037,0.9291441898073649,0.03125,0.25,0.48492130083383245,-0.9698426016676092,0.48492130083381824,-0.4849213008338063,4.0,0.11365342988292337,0.0,0.007576895325528632,0.06666666666667025,,-0.4849213008338108,-0.09591849906602741,-0.09050337253961314,0.0,0.0,0.0,,0.04687500000000001,-0.6788898211673278,-0.6869718428478901,1.0,0.9696924186978871,-0.030307581302112863,-0.26666666666666633,0.00014352335693502808,4.0,0.421875,-0.11280325826730535,-0.1119049155770317,0.9696924186978871,0.924231046744718,-0.04546137195316913,-0.399999999999998,0.00020884112958096854,28.0,0.10937499999999989,-0.06927447154769041,0.0,0.924231046744718,0.9166541514191894,-0.007576895325528632,-0.06666666666667025,1.0764251770128306e-05,8.0,0.375,-0.11600809581485692,-0.12123032520844745,0.924231046744718,0.8863465701170766,-0.037884476627641384,-0.3333333333333356,0.00017691263069239424,25.0
S0172,1.0,0.5917387387015153,1.0,0.5864366443989375,0.0,0.9666666666666668,-0.4082612612984847,0.4188654499036403,0.8088595003920732,0.03333333333333333,0.9333333333333333,0.15906282907733382,-0.7953141453866599,0.15906282907733382,-0.47718848723199203,3.0,0.4135633556010625,0.005302094302577776,0.005302094302577776,0.012820512820512945,,-0.31812565815465954,-0.28404076620952073,-0.47442833135479134,0.1590628290773338,0.0,0.0,,0.3333333333333333,-0.20388962636276148,-0.20450935167085516,1.0,0.925770679763912,-0.07422932023608797,-0.17948717948717907,0.00048464510355610766,11.0,0.43333333333333346,-0.6607225207827627,-0.6561341699439933,0.9204685854613343,0.6447596817272925,-0.2757089037340418,-0.666666666666667,0.007913298564925331,14.0,0.16666666666666663,-0.2363219174863212,-0.2651047151288866,0.6288533988195593,0.5917387387015153,-0.037114660118043985,-0.08974358974358954,0.00021552689728294105,6.0,,,,,,,,,
S0173,1.0,0.9686855309877479,1.0,0.9686855309877479,0.0,0.9666666666666667,-0.0313144690122521,0.0417526253496695,0.986778335305938,0.03333333333333333,0.23333333333333334,0.15657234506126122,-0.1565723450612644,0.15657234506126122,-0.15657234506126108,3.0,0.0313144690122521,0.0,0.005219078168708702,0.16666666666666727,,-0.15657234506126103,-0.04473495573178814,-0.02831886908449503,0.0,0.0,0.0,,0.1666666666666667,-0.02236747786589443,0.0,1.0,0.9947809218312913,-0.005219078168708702,-0.16666666666666727,3.783163462651634e-06,6.0,0.49999999999999994,-0.029932948320535474,-0.029891084057149984,1.0,0.9843427654938738,-0.015657234506126216,-0.5000000000000053,2.3408323925157405e-05,16.0,0.26666666666666683,-0.041752625349668594,-0.039143086265314826,0.9791236873251651,0.9686855309877479,-0.010438156337417182,-0.33333333333332743,1.479637265392571e-05,9.0,,,,,,,,,
S0174,1.0,0.9680134158808154,1.0035540649021317,0.9680134158808154,0.04761904761904767,0.8571428571428571,-0.03198658411918465,0.0390947139234481,0.9914533201163026,0.047619047619047616,0.2857142857142857,0.07463536294476616,-0.1492707258895327,0.07463536294476616,-0.1492707258895265,3.0,0.03554064902131637,0.0,0.003554064902131726,0.1000000000000025,0.07463536294476616,0.0,-0.02985414517790508,-0.029461327478196412,0.0,0.0,0.0,,0.6190476190476191,-0.012302532353532406,-0.012439227157460264,1.0,0.9964459350978685,-0.003554064902131504,-0.09999999999999624,7.540158915520169e-06,14.0,0.1428571428571429,-0.14927072588952983,-0.14927072588953005,0.9964459350978685,0.9751215456850785,-0.021324389412790024,-0.6000000000000056,6.315688664282081e-05,4.0,0.1428571428571429,0.0,0.0,0.9680134158808154,0.9680134158808154,0.0,0.0,0.0,4.0,,,,,,,,,
S0175,1.0,0.8894310186982095,1.0071334826646317,0.8894310186982095,0.09523809523809527,1.0,-0.11056898130179049,0.1248359466310538,0.9783447847680826,0.09523809523809523,0.6190476190476191,0.0749015679786346,-0.37450783989316216,0.07490156797863232,-0.1498031359572672,2.0,0.11770246396642214,0.0,0.007133482664631652,0.06060606060606066,0.07490156797863232,0.0,-0.3145865855102551,-0.10154639453229596,,0.0,0.0,,0.6190476190476191,-0.030289864852897412,-0.03745078398931596,1.0,0.9857330346707367,-0.014266965329263304,-0.12121212121212133,4.621331804558584e-05,14.0,0.33333333333333337,-0.2701806559229231,-0.2721423636556968,0.9785995520061049,0.8894310186982095,-0.08916853330789543,-0.7575757575757565,0.0008807750527334565,8.0,,,,,,,,,,,,,,,,,,
S0176,1.0,1.0,1.0178975425663974,1.0,0.5238095238095237,0.0,0.0,0.05011311918591277,1.0117612422579185,0.3333333333333333,0.3333333333333333,0.07516967877887377,-0.07516967877887391,0.07516967877886917,-0.07516967877886925,3.0,0.017897542566397417,0.017897542566397417,0.017897542566397417,1.0,0.024443287155366755,0.0,-0.07516967877887012,,0.001061119124489963,0.0,0.0,,0.19047619047619047,0.0751696787788701,0.07516967877886924,1.0,1.0143180340531182,0.014318034053118156,0.8000000000000124,2.562576239328123e-05,5.0,0.4285714285714286,0.007289180972496402,0.0,1.0143180340531182,1.0143180340531182,0.0,0.0,5.12515247865612e-06,10.0,0.2857142857142857,-0.0617465218540716,-0.07516967877886475,1.0178975425663974,1.0,-0.017897542566397417,-1.0,3.556228250496141e-05,7.0,,,,,,,,,
S0177,1.0,0.876455845893284,1.0,0.876455845893284,0.0,1.0,-0.12354415410671604,0.1353102640216418,0.9114600228901867,0.03333333333333333,0.4666666666666667,0.1764916487238872,-0.7059665948955234,0.1764916487238872,-0.1764916487238849,2.0,0.12354415410671604,0.0,0.005883054957462885,0.04761904761904937,,-0.17649164872388323,-0.05042618534967935,-0.08945564614754728,,0.0,0.0,,0.16666666666666666,-0.45887828668208813,-0.470644396597012,1.0,0.929403340510448,-0.07059665948955196,-0.571428571428571,0.0006970137037105948,6.0,0.8,-0.04996071286952926,-0.04902545797885591,0.9176372305955227,0.876455845893284,-0.041181384702238755,-0.3333333333333339,0.00015206397063506738,25.0,,,,,,,,,,,,,,,,,,
S0178,1.0,0.7072808655099572,1.0,0.7072808655099572,0.0,1.0,-0.29271913449004283,0.29271913449004283,0.808512899521097,0.0,1.0,0.0,-1.219663060375179,0.0,-0.24393261207503547,2.0,0.29271913449004283,0.0,0.0,0.0,,-1.219663060375179,-0.17075282845252523,-0.24139824727425613,,0.0,0.0,,0.10000000000000005,-0.9757304483001423,-0.9757304483001423,1.0,0.9024269551699857,-0.09757304483001428,-0.3333333333333333,0.001619807134696524,3.0,0.8499999999999999,-0.20214436274123188,-0.19514608966002864,0.8841320092643581,0.7072808655099572,-0.17685114375440092,-0.6041666666666669,0.002779107875940494,18.0,,,,,,,,,,,,,,,,,,
S0182,1.0,0.8821641511290222,1.0,0.8821641511290222,0.0,1.0,-0.11783584887097776,0.11783584887097776,0.9085153546952244,0.0,0.9230769230769231,0.0,-0.5252112121106387,0.0,-0.06565140151382971,2.0,0.11783584887097776,0.0,0.0,0.0,,-0.24072180555071132,-0.01875754328966608,-0.09349379482983022,,0.0,0.0,,0.2307692307692308,-0.3751508657933169,-0.38077812878021666,1.0,0.9208816443294864,-0.07911835567051362,-0.6714285714285713,0.000856278659302975,7.0,0.7307692307692308,-0.0399831843806035,-0.03772350372699465,0.9149898518859374,0.8821641511290222,-0.032825700756915155,-0.2785714285714279,8.592584153506955e-05,20.0,,,,,,,,,,,,,,,,,,
S0183,1.0,0.9907647884243272,1.0008395646886972,0.9899252237356297,0.03846153846153849,0.9615384615384617,-0.009235211575672753,0.012593470330462098,0.9925569361252009,0.07692307692307693,0.3076923076923077,0.02182868190613515,-0.08731472762453159,0.02182868190613077,-0.02182868190613508,2.0,0.010914340953067425,0.0008395646886975028,0.0008395646886975028,0.0769230769230777,0.021828681906126395,0.0,-0.001871029877668722,-0.00933595933831633,0.021828681906135145,0.0,0.0,,0.30769230769230776,-0.03128777739879355,-0.029104909208181044,1.0,0.9916043531130248,-0.00839564688697525,-0.7692307692307974,1.040769338695352e-05,9.0,0.6538461538461537,-0.0003379052926646296,0.0,0.9907647884243272,0.9907647884243272,0.0,0.0,3.6983860279726825e-08,18.0,,,,,,,,,,,,,,,,,,
S0186,1.0,0.6244828281510161,1.0,0.6244828281510161,0.0,1.0,-0.3755171718489839,0.4661592478125317,0.7549053206947198,0.21153846153846154,0.6538461538461539,0.5050058517969043,-2.6933645429168407,0.1683352839323048,-0.5050058517969144,4.0,0.3755171718489839,0.0,0.025897735989585002,0.06896551724137906,,-2.6933645429168407,-0.32289768099741833,-0.23226522969275704,,0.0,0.0,,0.15384615384615385,-1.1839581636571985,-1.112215268838432,1.0,0.7960553290820175,-0.20394467091798252,-0.5431034482758618,0.00364689171603774,9.0,0.3076923076923076,-0.024755188813574226,-0.01683352839323047,0.7798692440885268,0.7766320270898286,-0.003237216998698167,-0.008620689655172493,3.836466845213307e-05,17.0,0.2884615384615382,-0.421828417383301,-0.4376717382239879,0.786343678085923,0.6827527341275826,-0.10359094395834034,-0.2758620689655171,0.0014481461178447277,16.0,0.1923076923076923,-0.32289768099741833,-0.3366705678646061,0.6859899511262808,0.6244828281510161,-0.06150712297526473,-0.1637931034482762,0.000497476631920794,11.0
S0187,1.0,0.736043150697418,1.0,0.736043150697418,0.0,1.0,-0.263956849302582,0.3834320547763822,0.7868040832556069,0.23076923076923078,0.5192307692307693,0.7224082191439074,-4.3344493148634635,0.14448164382878226,-0.4334449314863387,3.0,0.263956849302582,0.0,0.02778493150553485,0.10526315789473646,,-4.3344493148634635,-0.06698694395698138,-0.11865388988841642,,0.0,0.0,,0.07692307692307693,-2.008294849220065,-1.6254184930737874,1.0,0.8360689041173438,-0.1639310958826562,-0.6210526315789474,0.003275143061378259,5.0,0.5384615384615384,-0.01775771927846348,-0.010975047944686279,0.8166194520634693,0.780499041106274,-0.036120410957195315,-0.13684210526315746,9.151120229121125e-05,29.0,0.34615384615384615,-0.08339379091170031,-0.08256093933073191,0.7721635616546135,0.736043150697418,-0.03612041095719554,-0.1368421052631583,8.400070639661578e-05,19.0,,,,,,,,,
S0192,1.0,0.9855236205120546,1.0,0.9813875120869273,0.0,0.368421052631579,-0.014476379487945445,0.022748596338199922,0.9866664925768924,0.10526315789473684,0.2631578947368421,0.03929303003870897,-0.11787909011612836,0.03929303003870887,-0.03929303003870885,2.0,0.018612487913072684,0.004136108425127238,0.004136108425127238,0.2222222222222209,,-0.11787909011612836,0.0,-0.047245190879876185,0.0066927688527470995,0.0,0.0,,0.4210526315789475,-0.044532100710536725,-0.03929303003870937,1.0,0.9813875120869273,-0.018612487913072684,-1.0,3.938924415644705e-05,9.0,0.5263157894736841,0.004286512367859138,0.0,0.9834555662994909,0.9855236205120546,0.002068054212563619,0.11111111111111045,8.483004745987697e-07,11.0,,,,,,,,,,,,,,,,,,
S0193,1.0,0.8434015943530229,1.0,0.8434015943530229,0.0,0.9473684210526315,-0.15659840564697713,0.15659840564697713,0.9090036291510807,0.0,0.9473684210526315,0.0,-0.3216615899775723,0.0,-0.16083079498878833,3.0,0.15659840564697713,0.0,0.0,0.0,,-0.08041539749439684,-0.04020769874719694,-0.18551973281601336,0.0,0.0,0.0,,0.1578947368421053,-0.13670617574046956,-0.14742822873972083,1.0,0.978838053290949,-0.021161946709051027,-0.13513513513513553,6.605462830621534e-05,4.0,0.36842105263157904,-0.2460328232864183,-0.2412461924831809,0.9682570799364234,0.8793769037584095,-0.08888017617801391,-0.5675675675675667,0.0008830608148563907,8.0,0.36842105263157876,-0.08137272365504097,-0.08376603905666039,0.870912125074789,0.8434015943530229,-0.027510530721766124,-0.17567567567567485,0.00010048140492343672,8.0,,,,,,,,,
S0194,1.0,0.7730358523164689,1.0,0.7730358523164689,0.0,1.0,-0.22696414768353113,0.22696414768353113,0.886230811486908,0.0,1.0,0.0,-0.41387579871702795,0.0,-0.27591719914468393,4.0,0.22696414768353113,0.0,0.0,0.0,,-0.13795859957234388,-0.19215662083290508,-0.23733127118511851,,0.0,0.0,,0.22580645161290322,-0.1937989851135289,-0.1931420394012796,1.0,0.9554972259444056,-0.04450277405559444,-0.19607843137254946,0.00020671436379589292,8.0,0.25806451612903225,-0.2276316892943645,-0.2299309992872366,0.9421463937277272,0.8842927874554547,-0.05785360627227254,-0.25490196078431326,0.00036137955755490784,9.0,0.16129032258064513,-0.3113922676061447,-0.310406849037771,0.8798425100498952,0.8308894585887414,-0.04895305146115381,-0.21568627450980407,0.0002954241207142898,6.0,0.25806451612903225,-0.1931420394012789,-0.19314203940127894,0.8219889037776225,0.7730358523164689,-0.048953051461153585,-0.2156862745098031,0.00026015416051314066,9.0
S0195,1.0,0.9911388796326399,1.0,0.9911388796326399,0.0,0.774193548387097,-0.008861120367360087,0.017722240734720174,0.9952835972238244,0.03225806451612903,0.0967741935483871,0.13734736569408146,-0.13734736569408146,0.13734736569408146,-0.13734736569408132,5.0,0.008861120367360087,0.0044305601836800435,0.0044305601836800435,0.5,,0.0,-0.029431578363017442,-0.0036978136917637273,-0.013080701494674414,0.0,0.0,,0.06451612903225808,-0.06867368284704066,-0.06867368284704066,1.0,0.99556943981632,-0.0044305601836800435,-0.5,4.362191898046875e-06,3.0,0.5806451612903227,3.948413176653082e-31,0.0,0.99556943981632,0.99556943981632,0.0,0.0,1.1093356479670479e-31,19.0,0.09677419354838712,0.0,0.0,0.99556943981632,0.99556943981632,0.0,0.0,0.0,4.0,0.0645161290322579,0.0,0.0,0.9911388796326399,0.9911388796326399,0.0,0.0,0.0,3.0
S0196,1.0,0.9732983355666435,1.0,0.9732983355666435,0.0,0.9032258064516131,-0.02670166443335653,0.04450277405559422,0.9855007090980162,0.06451612903225806,0.22580645161290322,0.1379585995723438,-0.2759171991446874,0.1379585995723419,-0.13795859957234047,3.0,0.02670166443335653,0.0,0.004450277405559477,0.16666666666666874,,0.0,-0.02956255705121581,-0.0287470382360102,0.0,0.0,0.0,,0.12903225806451615,-0.06897929978617189,-0.06897929978617189,1.0,0.991099445188881,-0.008900554811118955,-0.3333333333333375,1.1090782632402587e-05,5.0,0.1935483870967742,5.288053361588955e-31,0.0,0.9955497225944405,0.9955497225944405,0.0,0.0,1.232595164407831e-32,7.0,0.6129032258064515,-0.020434469259963194,-0.019708371367477193,0.9866491677833216,0.9732983355666435,-0.013350832216678099,-0.4999999999999938,1.638861183627265e-05,20.0,,,,,,,,,
S0197,1.0,1.0022902609946416,1.0022902609946416,0.9931292170160753,0.39130434782608686,0.7391304347826088,0.0022902609946415797,0.029773392930340314,0.9977595272878506,0.2608695652173913,0.2608695652173913,0.1053520057535122,-0.05267600287675865,0.05267600287675637,-0.05267600287675636,4.0,0.009161043978566319,0.009161043978566319,0.009161043978566319,1.0,0.003830982027400416,0.0,0.03687320201372868,-0.0014677524021387198,0.030100573072432205,0.07462433740873664,3.0,0.30434782608695665,0.17391304347826084,-0.031605601726053034,-0.030727668344774098,1.0,0.995419478010717,-0.0045805219892830484,-0.4999999999999879,4.196236338861107e-06,5.0,0.21739130434782603,0.03311063037967505,0.035117335251170036,0.995419478010717,1.0022902609946416,0.006870782983924628,0.7499999999999879,6.41091662881575e-06,6.0,0.2608695652173914,-0.03762571634053995,-0.03950700215756661,1.0022902609946416,0.9931292170160753,-0.009161043978566319,-1.0,1.1132871919427802e-05,7.0,0.21739130434782616,0.034615659033296796,0.026338001438379426,0.9931292170160753,1.0022902609946416,0.009161043978566319,1.0,8.30505108732955e-06,6.0
S0198,1.0,1.006470656683408,1.0129413133668164,1.0,0.6956521739130435,0.0,0.006470656683408071,0.03666705453931329,1.0075490994639762,0.391304347826087,0.2608695652173913,0.09921673581225712,-0.09921673581226227,0.049608367906128645,-0.04960836790612862,4.0,0.008627542244544317,0.012941313366816365,0.012941313366816365,1.0,0.01082143319520959,-0.04960836790612858,-0.01984334716245243,,0.004356908833494855,0.07441255185919288,2.0,0.21739130434782605,0.2608695652173913,0.024804183953064263,0.024804183953064274,1.0,1.008627542244544,0.008627542244544095,0.6666666666666552,5.8864006138346464e-06,7.0,0.1739130434782608,-0.03968669432490438,-0.049608367906128596,1.0107844278056803,1.004313771122272,-0.0064706566834082935,-0.5000000000000085,6.326931240418862e-06,5.0,0.30434782608695654,0.013583243593345631,0.012402091976533414,1.006470656683408,1.0107844278056803,0.00431377112227227,0.33333333333334475,3.4164265659431857e-06,8.0,0.13043478260869568,0.004960836790612861,0.0,1.006470656683408,1.006470656683408,0.0,0.0,8.722791232194489e-07,4.0
S0199,1.0,0.993487201231714,1.0108546646138097,0.993487201231714,0.21739130434782605,1.0,-0.006512798768286032,0.036905859686953146,1.0020293503408424,0.2608695652173913,0.34782608695652173,0.09986291444704912,-0.09986291444704903,0.04993145722352456,-0.04993145722352707,4.0,0.017367463382095716,0.0,0.010854664613809684,0.624999999999992,0.054211296414112375,0.0,-0.02496572861176227,-0.011245432539907074,,0.09986291444704914,1.0,,0.21739130434782605,0.054211296414112375,0.04993145722352456,1.0,1.0108546646138097,0.010854664613809684,0.624999999999992,1.6757154684912657e-05,6.0,0.13043478260869557,-0.05492460294587703,-0.04993145722352458,1.0108546646138097,1.0043418658455239,-0.00651279876828581,-0.3749999999999952,7.953102711784719e-06,4.0,0.26086956521739124,1.2802297974215002e-18,0.0,1.0,1.0,0.0,0.0,5.770958883835896e-07,7.0,0.26086956521739135,-0.030315527599997404,-0.02995887433411574,1.0021709329227617,0.993487201231714,-0.008683731691047747,-0.4999999999999936,7.309881252857465e-06,7.0
