t_000h,t_001h,t_002h,t_003h,t_004h,t_005h,t_006h,t_007h,t_008h,t_009h,t_010h,t_011h,t_012h,t_013h,t_014h,t_015h,t_016h,t_017h,t_018h,t_019h,t_020h,t_021h,t_022h,t_023h,t_024h,t_025h,t_026h,t_027h,t_028h,t_029h,t_030h,t_031h,t_032h,t_033h,t_034h,t_035h,t_036h,t_037h,t_038h,t_039h,t_040h,t_041h,t_042h,t_043h,t_044h,t_045h,t_046h,t_047h,t_048h,t_049h,t_050h,t_051h,t_052h,t_053h,t_054h,t_055h,t_056h,t_057h,t_058h,t_059h,t_060h,t_061h,t_062h,t_063h,t_064h,t_065h,t_066h,t_067h,t_068h,t_069h,t_070h,t_071h,t_072h,t_073h,t_074h,t_075h,t_076h,t_077h,t_078h,t_079h,t_080h,t_081h,t_082h,t_083h,t_084h,t_085h,t_086h,t_087h,t_088h,t_089h,t_090h,t_091h,t_092h,t_093h,t_094h,t_095h,t_096h,t_097h,t_098h,t_099h,t_100h,t_101h,t_102h,t_103h,t_104h,t_105h,t_106h,t_107h,t_108h,t_109h,t_110h,t_111h,t_112h,t_113h,t_114h,t_115h,t_116h,t_117h,t_118h,t_119h,t_120h,t_121h,t_122h,t_123h,t_124h,t_125h,t_126h,t_127h,t_128h,t_129h,t_130h,t_131h,t_132h,t_133h,t_134h,t_135h,t_136h,t_137h,t_138h,t_139h,t_140h,t_141h,t_142h,t_143h,t_144h,t_145h,t_146h,t_147h,t_148h,t_149h,t_150h,t_151h,t_152h,t_153h,t_154h,t_155h,t_156h,t_157h,t_158h,t_159h,t_160h,t_161h,t_162h,t_163h,t_164h,t_165h,t_166h,t_167h,t_168h,t_169h,t_170h,t_171h,t_172h,t_173h,t_174h,t_175h,t_176h,t_177h,t_178h,t_179h,t_180h,t_181h,t_182h,t_183h,t_184h,t_185h,t_186h,t_187h,t_188h,t_189h,t_190h,t_191h,t_192h,t_193h,t_194h,t_195h,t_196h,t_197h,t_198h,t_199h,t_200h,cluster_id
0.9260182985248762,0.9281695673099256,0.9302796705138239,0.9323334609634734,0.9343157914857767,0.9362203934913133,0.9380517514216519,0.9397833347725633,0.9413852745016297,0.9428366313728808,0.9442021339343126,0.9454332683011163,0.9464533743091732,0.9473237546561838,0.9481353937366033,0.949029917397906,0.9501094859040525,0.9513485688359742,0.9526383630667468,0.9538702139789664,0.9549360089725902,0.9557673443549558,0.9565310836193844,0.957250434875908,0.9579602067784299,0.9586673005298461,0.9593678967258548,0.9600648816809069,0.9607460778908093,0.9614130189186597,0.9620654787657335,0.9627074961008586,0.9633552770498356,0.9640058269077642,0.9646465154349858,0.9652710079874445,0.9658813933569113,0.9664854473502686,0.9670888871328408,0.9676989278689646,0.9683201395400324,0.9689348005648916,0.969534199864486,0.9701211477766825,0.9707098845867252,0.9712991354810873,0.9718938463348298,0.9725034468440646,0.9731260430752462,0.9737483157701613,0.9743617839836933,0.9749356811854292,0.9754835996337948,0.9760179834637592,0.9765381889849428,0.9770423107505036,0.9775205381798224,0.9779867451141065,0.9784465175097246,0.9789014800629495,0.9793461061444204,0.979776515142485,0.9801950498638848,0.9806108709634126,0.9810196182028496,0.9814194903724878,0.9818020214444643,0.9821573612395952,0.9824900911241788,0.9827929460324086,0.983070841911178,0.983337311812799,0.9836001373905816,0.9838644758750819,0.984118797693891,0.9843588544891839,0.984580343664066,0.9847808063109922,0.9849601885742928,0.9851308343875425,0.9853069581400654,0.9854941285837342,0.9856786656565172,0.9858513964277241,0.9860216793008026,0.9861987388778853,0.9863842437475379,0.9865738723298969,0.9867579805252346,0.9869307325115874,0.9870890044325529,0.9872371912363455,0.9873823152009225,0.9875301781247464,0.9876812707742949,0.9878350418880519,0.9879777289083933,0.988098950477854,0.988206002492979,0.9883003662601482,0.9883898915670934,0.9884712690945509,0.9885503818614436,0.9886256737396658,0.9886970878765516,0.9887641979007726,0.9888306896972814,0.9888999831920532,0.9889604544994829,0.9890009320849958,0.9890167773305604,0.9890016092593283,0.988960983659698,0.9889037806663203,0.988836969031308,0.9887733087419642,0.9887137155912824,0.9886614769332808,0.9886140478453731,0.9885615734581661,0.988498814331271,0.9884318674474607,0.9883589709695816,0.9882907888482604,0.9882311990953914,0.9881798120443748,0.9881203913202519,0.9880499464057262,0.9879644838146827,0.987868244734815,0.9877557766710874,0.9876352695620522,0.9875136668411947,0.9873794169778192,0.987229626031425,0.987066554208789,0.9868938226905123,0.9867014041467763,0.986485693651575,0.9862507751830163,0.9860041035204008,0.985749358314349,0.9854812637457024,0.9852072034634543,0.9849275517470527,0.9846434226908563,0.9843491094147261,0.9840511390679069,0.9837471749708022,0.9834310869150547,0.98309168474513,0.9827360084214187,0.9823659438092803,0.9819931144438089,0.9816251933256847,0.9812615973821792,0.9809006052505361,0.9805426023352098,0.9801810093336066,0.97981567037061,0.979446153814737,0.979075479495982,0.9787145444793827,0.9783698249764048,0.9780353103792337,0.9777039522674188,0.9773751352341722,0.9770529653934273,0.9767461507080386,0.9764633809920924,0.9762029509724941,0.9759623650775386,0.9757440444801764,0.9755529018744645,0.9753752634389867,0.9751873336474943,0.9749850360662492,0.9747780726279585,0.9745787702757637,0.9743838984114224,0.9741858747901666,0.9739883082221431,0.9737953128968199,0.9736053888147547,0.9734174180644065,0.9732276540122456,0.9730273201190226,0.9728094245927528,0.972577863864335,0.9723435121563446,0.9721160413485846,0.9719040083243896,0.9716995612138631,0.9714938724266949,0.9712842189983261,0.9710659608260886,0.9708345327366337,0.9705971162047965,0.9703543886789476,0.9701136606654465,0.9698677797170852,0
0.9376996278939217,0.9391151477219941,0.9405460766311814,0.9419921111283075,0.943455043846189,0.9449389950475346,0.9464490835557435,0.9479890824950796,0.9495701327778476,0.9511914350929839,0.9528387636206012,0.9545201777733258,0.9562134845085712,0.9578800408905168,0.9595377651496535,0.9612277866765316,0.9629441695418754,0.9646714215513624,0.9663762155014064,0.9680143192085211,0.9695742959498841,0.9711268605201507,0.9726661185026428,0.9741421515867958,0.9755129357477971,0.9768009704884303,0.9780177857597636,0.9791740928349596,0.9802532694167665,0.9812215938143376,0.9821092164192825,0.9829369172997796,0.9837118395429751,0.9844581321608853,0.9851823329104414,0.9858470322865699,0.9864359836372723,0.9869518751220322,0.9873748819701728,0.9876748173861383,0.9878405851634593,0.987876920363909,0.9877985868164599,0.987657659793896,0.9875102438399342,0.9873572491753099,0.9871925333699215,0.9869900218295867,0.9867291040503815,0.9864358448852847,0.9861418059949532,0.9858153296355331,0.9854220217376678,0.9849842064644742,0.9844643934894401,0.9838216766226323,0.9830811561648236,0.9822686304566213,0.9813966849360327,0.9804771558003512,0.9795065867066733,0.978482396324066,0.9774132884165992,0.9763199535842727,0.9752283249089583,0.9741450316367416,0.9730636197925747,0.971967431482726,0.9708588909530846,0.9697270673701084,0.9685690407967174,0.9673812325630248,0.9661831860179844,0.964999288784244,0.9638326032148448,0.962644357450814,0.9614470558046296,0.9602614129993332,0.9590931113919595,0.9579414921773168,0.9567971987926817,0.9556627963756464,0.9545414218032338,0.9534483087533103,0.9523938036266598,0.9513965153215878,0.9504508089569241,0.9495389550594434,0.9486367715476304,0.947740083353219,0.9468460322260194,0.9459381848680879,0.9450138766575134,0.944092285456408,0.9431814453109301,0.9422652649413238,0.9413415486011745,0.9404047368520425,0.9394488384400657,0.9384924868605334,0.9375540355523029,0.9366361487964742,0.9357195886215461,0.9347996393829037,0.9338677531005994,0.9329196291592705,0.9319793444060197,0.9310598231276713,0.9301370210498382,0.9292161446278029,0.9283054218685989,0.927392663371395,0.9264724789415952,0.9255509740885817,0.9246348872489529,0.9237141639637144,0.9227938575615037,0.9218837065748003,0.9209769683139516,0.9200793942592106,0.9192080784531764,0.9183635495692685,0.917530522099842,0.9167137163796318,0.9159286627707482,0.9151747041477237,0.9144474609057757,0.9137336446139807,0.9130243810186541,0.9123192998451102,0.9116135477028653,0.910905058949404,0.9102085820809631,0.9095313947140663,0.908867524883891,0.9082061347805063,0.9075457946313239,0.906890322929643,0.906233299997955,0.9055700958648073,0.9049022625191093,0.9042299327681377,0.9035376203939183,0.9028248830598672,0.902085945922883,0.90129710454361,0.9004697074440581,0.8996129938954853,0.8987241163665304,0.8978245394990764,0.8969298419415382,0.8960231432474417,0.8951133106733148,0.8941902120737288,0.893250180626786,0.892295578899722,0.8913548414823925,0.8904406515497938,0.8895386374659627,0.888629550784297,0.8877056316616129,0.8867498478164467,0.8857591590313768,0.8847545918905301,0.8837493973233214,0.8827405285706675,0.8817536144515762,0.8808142546934434,0.8798909047806461,0.8789687593234683,0.8780650177741322,0.8771870321918618,0.8763277770947744,0.8754785730082255,0.8746296325033553,0.8737825554549672,0.8729330912061377,0.8720868902665267,0.8712380448313334,0.8703930299803289,0.869568615299988,0.8687670140984386,0.8679657860923765,0.8671605322169116,0.8663540748399696,0.8655296635033665,0.864698468238051,0.8638786928125622,0.8630724450236138,0.8622661658585011,0.8614511097055129,0.8606182765917191,0.859767005500252,0.8588974581791735,0.8580040692803361,0.8570796715358963,0.856135503930232,0.8551848246657833,0.854232495673828,0.8532835376546251,0.8523374872547432,1
0.9982745631025358,0.9966559627607247,0.9949956735445353,0.9933081768536771,0.9915921731669816,0.9898317436524579,0.9880011936213883,0.9861323737584909,0.9842593529725964,0.9823550464357943,0.980406625452994,0.9784340778964025,0.9764375530850857,0.9743625252551009,0.9722156770579151,0.9700521164516995,0.9678849678550181,0.9657112944650083,0.963526579239199,0.961343462495725,0.9591587016068592,0.9569367378117374,0.954677592658333,0.9523999597102678,0.9501064831689844,0.9477835312450231,0.9454014249008724,0.9430003774803165,0.9406074653405507,0.9382389745791715,0.9358742886712259,0.9334889648250007,0.9310581592114909,0.9285664364522995,0.9260160085085636,0.9234420053600646,0.9208853410832765,0.9183292191727854,0.9157447825511481,0.913146299170559,0.9105625068915078,0.9080316598319099,0.9055256205053445,0.9030385003590207,0.9005495162629849,0.8980020307549659,0.8953717113411763,0.8926995188811959,0.8900049659094087,0.8872618913628936,0.884456569142484,0.8815861635680179,0.8786801696581044,0.8757598396789602,0.8728129146032915,0.8698224183645449,0.8668089759414673,0.8637683896211886,0.8606904513229464,0.8575761113851949,0.8544461520023567,0.8513235386856465,0.8482206739087594,0.8451124778848144,0.8419596891907941,0.8387583696255932,0.8355369635160093,0.8323077124053933,0.8290619412586107,0.8257988381962964,0.8225139186000365,0.8192042773314869,0.8158670578966298,0.8125101141005553,0.8091513322116807,0.8057988362692831,0.8024285858553188,0.7989980200466078,0.7954996953061417,0.7919654040982473,0.7883961795008069,0.7847565180020536,0.7810758056564666,0.7773751403119654,0.7736249312824743,0.7698993131057306,0.7662582141436693,0.7626413916752812,0.7590839737073058,0.7556123935917406,0.7521552361699895,0.7487085808489644,0.7452836716694742,0.7418861876226984,0.7385018622175025,0.7351040082420162,0.7316557517806899,0.7281681290395168,0.7246852077512151,0.721232511704981,0.7177932578901973,0.714352631764391,0.7108877774477931,0.7073928147853943,0.703865655100608,0.7003128607111667,0.6967429337602141,0.6931494524598106,0.6895442584674271,0.6859435122656605,0.6823443978294998,0.6787330472968455,0.6751112790912062,0.6714933694856258,0.6678831361968012,0.6642706163240624,0.6606339427365592,0.6569789628642165,0.6533016960500442,0.6496042269007852,0.6459012947045443,0.6421870661819163,0.6384914218808428,0.6348671809140682,0.6313349218208432,0.6278896722560219,0.6245230577365299,0.6211919243267834,0.6178610413118573,0.6145252530194442,0.6111799865483077,0.6078259038716414,0.6044590892564596,0.6010514056425655,0.5975864053222661,0.5940694401775,0.5905316569596812,0.5869854309417017,0.5834208851352725,0.5798318126707195,0.5762342556432045,0.5726508016101763,0.5690870700731094,0.5655394215906087,0.5620058140709349,0.5585035977913744,0.5550361640883424,0.551576593110971,0.5480853955006348,0.5445429072124949,0.5409772892517625,0.537423915575625,0.5339061941981359,0.5304417703304781,0.5270399090998399,0.5236848977565216,0.5203626124876488,0.517055508324013,0.5137522466800292,0.5104463426830554,0.5071490105500006,0.5038687484488017,0.5006027763012743,0.49733975429791516,0.4940622609686744,0.49075871512852476,0.48743427233039566,0.4840967665123159,0.48073589604091815,0.47735031139990547,0.4739760089093637,0.47062623393908043,0.4672817861315858,0.463929616122154,0.4605727449598497,0.4572208424379056,0.45386816675747443,0.4505149476268643,0.44716969200040574,0.4438185107337108,0.44044466290635925,0.43706982048559373,0.4337207368585202,0.43040367830665965,0.42709782459302775,0.4237825881479895,0.42045337605997196,0.417112327517121,0.413769979739672,0.41043539762801523,0.4071068203010351,0.4037858587538903,0.40046739613680316,0.3971625256090259,0.3938809958454665,0.39063308083906123,0.3874207492090599,0.3842418952116432,0.38108982728971624,0.3779525071271554,0.3748349655965778,2
0.9987793628519384,0.9982340265440828,0.997670062066693,0.9970865080517052,0.9964887210065132,0.9958856710003223,0.9952752885758607,0.9946572753190741,0.9940296870189784,0.9933932414206978,0.9927494546154162,0.9920991582542009,0.9914491430211623,0.9907969132769554,0.990132902281064,0.9894587312871962,0.9887876134742148,0.9881204644361187,0.9874471241828091,0.9867709831821506,0.9861017953950831,0.9854389787876816,0.9847803519959544,0.9841208860107139,0.9834664436829285,0.9828196506332033,0.9821789316123856,0.9815369224750888,0.9808934018777394,0.9802572209111944,0.9796328035911053,0.9790158754107375,0.9784060285781904,0.977812437300819,0.9772357621575466,0.9766593873108735,0.9760796837642196,0.9755028179117964,0.9749291969494169,0.9743603569773888,0.9737983204951421,0.9732426055480026,0.9726920335010841,0.9721418639472529,0.9715904698710235,0.9710359526736358,0.9704863627710059,0.9699440592013301,0.969406827742729,0.9688766371709947,0.9683514382231343,0.967826801680813,0.9673063684479573,0.9667900552491693,0.9662750336325868,0.9657560200868721,0.9652310015022785,0.9646950790476828,0.9641531973816638,0.9636171309885729,0.9630931450262399,0.962570526712476,0.962049839389727,0.9615421118943461,0.9610342391257128,0.9605253968811951,0.9600205673810329,0.9595218610952666,0.9590303803155198,0.9585385549163735,0.9580426023243811,0.9575458111154886,0.9570519729480677,0.9565634732796232,0.9560922310284504,0.9556316523849288,0.9551765775612163,0.9547221646269005,0.9542642766483821,0.9538062346592707,0.9533465186495632,0.9528807744248705,0.9524173023391244,0.951961189462716,0.9515161436917885,0.9510756055590457,0.9506383961671919,0.9502100229985297,0.9497895187192519,0.9493708322976259,0.9489529722984665,0.9485383076788241,0.9481185188506988,0.9477044257676597,0.9473074523079047,0.9469234499801329,0.9465470331938812,0.9461799668148325,0.9458202726609939,0.945471913629387,0.9451336751151336,0.9447999624583617,0.9444715389018952,0.9441446378572429,0.9438156172553795,0.9434894424029144,0.9431622859969218,0.9428288191129585,0.942499536585324,0.9421731934796939,0.9418456190802383,0.9415224866477375,0.941201366626733,0.9408826719099354,0.9405650825173778,0.9402456671905214,0.9399252379505473,0.939610478158012,0.93930133380414,0.9389934716100529,0.9386871198477351,0.9383750967366119,0.9380595891110658,0.9377450962434124,0.9374311539594592,0.9371226837456472,0.9368194765924588,0.9365217069717653,0.936229812357717,0.9359395039212469,0.9356454029340866,0.9353422615232805,0.9350340548691578,0.9347261161433984,0.934425889426442,0.9341282782465606,0.9338302756827188,0.9335261292779145,0.9332253112397878,0.9329260548145166,0.9326302912492995,0.9323383867826619,0.9320580827371961,0.9317783708839265,0.9314981839990861,0.931221562761524,0.930935630185672,0.93064803303256,0.9303627796596693,0.9300751651696524,0.9297859390849111,0.9294902563790344,0.9291885684864137,0.9288883994554065,0.9285878576680514,0.928284920911624,0.9279810017661277,0.9276763484177385,0.927371261742533,0.927065019985717,0.9267643127896501,0.9264686291043065,0.9261776935122855,0.9258844908239158,0.9255839673438196,0.9252843266505605,0.924980843723192,0.9246741225693613,0.9243668164042116,0.9240621210071267,0.9237637061926403,0.9234713623550933,0.9231826239040559,0.9228937953503746,0.9225988894672169,0.9223068781261897,0.9220152503134651,0.9217194987539999,0.9214206511097645,0.921118739121999,0.9208163183018213,0.9205142825379311,0.9202136481940342,0.9199097744272885,0.9196060902222963,0.9193040214958618,0.9190039304756992,0.918703946734966,0.918403714196015,0.9180980385035213,0.9177933946071952,0.9174921898436782,0.9171863806610838,0.9168815377514005,0.9165849442909415,0.9162830587426379,0.9159823385253105,0.9156828539556566,0.9153827350674575,0.9150778577804922,0.9147655775788569,3
0.9975620062553532,0.9975176046561657,0.9974664054052221,0.9974072186331753,0.9973397413444506,0.997254716655496,0.997149328367549,0.997032326875455,0.9969115943248292,0.9967831102503453,0.9966436231528144,0.9964993272872628,0.996348601549923,0.9961853322060459,0.9960123738995563,0.9958351013540682,0.9956526469312541,0.9954658995283951,0.9952662930957539,0.9950607255118386,0.9948570477868988,0.9946497741191749,0.994440252830013,0.9942299230454273,0.9940195845764108,0.9938087584473038,0.9935949212722682,0.993374347988157,0.9931479284816883,0.9929210890408322,0.9926855060321897,0.9924480797733837,0.9922150310702089,0.9919817660915088,0.9917429875556646,0.991494893416359,0.9912464248016141,0.9909969183087441,0.9907445475562678,0.9904871299880378,0.9902233263270044,0.9899641140896576,0.9897029731210557,0.989441148285459,0.9891783734030188,0.9889087821511031,0.9886297222538956,0.9883446666081895,0.9880544284695576,0.98776001283486,0.9874671087201169,0.987179020765787,0.986888169467472,0.9865922815336969,0.9862923264587248,0.9859904522844373,0.9856856873398531,0.9853789757440153,0.9850701116340994,0.9847569696304058,0.9844389653416968,0.9841130796700402,0.9837872721134793,0.9834681923834013,0.9831506887016617,0.9828334231708417,0.9825142423680595,0.9821959493773708,0.9818796257138573,0.9815614613998885,0.9812418367116631,0.9809230498150796,0.9806101054566758,0.9802968249330685,0.9799815352786629,0.9796632012722932,0.9793411938493344,0.9790184399749917,0.9786928664002886,0.9783622787622709,0.9780244666887545,0.9776850755383176,0.977343427282141,0.9769932821325316,0.9766397729523492,0.9762783401174331,0.9759114293305093,0.9755441440399405,0.9751727990003167,0.9747954191341858,0.9744092426559235,0.974019072788297,0.973625735189327,0.9732318545898082,0.9728348077119292,0.9724362301543191,0.9720406942997377,0.9716443560119157,0.9712546381018518,0.9708670665841035,0.9704761136018266,0.9700816937361619,0.9696884116636008,0.9692983704804887,0.9689106725434771,0.9685207039280548,0.9681235408754318,0.9677201599563736,0.9673244588363186,0.9669313278895502,0.9665401619856002,0.9661438794603783,0.9657464946618325,0.965351773017865,0.9649527768514466,0.9645459806543702,0.9641313336163957,0.9637187421910586,0.9633115125647821,0.9629061605965253,0.9624986377911954,0.9620851260988051,0.9616698084845547,0.9612495937735414,0.9608272914932581,0.9604043215336006,0.9599797910588426,0.9595577018587353,0.959132244967462,0.9587056546364862,0.9582797243822753,0.9578539454609597,0.9574265641623636,0.9569949179240321,0.9565643323812866,0.9561271074039307,0.9556846007226494,0.9552407979707791,0.954792106738815,0.9543404073205863,0.9538892375401776,0.953439319131322,0.9529848627081869,0.9525274298910544,0.9520752122426488,0.9516227958150286,0.9511664494388891,0.9507065203336781,0.9502418743131524,0.9497730749507782,0.9492996008786201,0.9488213343125147,0.9483407634593239,0.9478592499170195,0.9473761346748565,0.9468927045711292,0.9464083591404,0.9459211267491393,0.9454319261884118,0.9449392677083925,0.9444469192812004,0.9439589081037975,0.9434721745879411,0.9429839121811271,0.9424871851925065,0.9419886409445671,0.9414867714131466,0.9409871188900152,0.9404914443539715,0.9399959259056948,0.9395006481835126,0.9390027009390831,0.938505715161441,0.9380113149714414,0.9375171797583809,0.9370231049487591,0.936527835503224,0.9360285811967455,0.9355247777740637,0.9350232684476782,0.9345228702425366,0.9340188474173695,0.9335124864617474,0.9330060871945198,0.932498884387638,0.931987113983141,0.9314689790498888,0.9309415948447436,0.9304069583915776,0.9298830486698834,0.9293658746235806,0.9288490453395237,0.9283255780326637,0.9277983672630791,0.9272807520782664,0.9267642220572672,0.9262458784808715,0.9257286251686216,0.9252156509388518,0.9247091294535671,0.9242066083991326,4
1.0,0.9920312064986172,0.9839468508717915,0.9757945117383419,0.9675960987323488,0.9593908045357357,0.9512108563361551,0.9429925894174613,0.9347338658722486,0.9264745818318045,0.9182389630595027,0.9099950153465087,0.9017221532684604,0.8934498828617307,0.8851862227309348,0.8769785791931821,0.8688884704035057,0.8609298248137144,0.8530765321622831,0.8453030077990412,0.837643654560657,0.8301204692916324,0.8227311651784268,0.8154741179966704,0.8083400868193027,0.8013071668515452,0.794366883283842,0.7875477512617814,0.7808662833631058,0.7743328414767018,0.7679188283653865,0.7615934134826655,0.7553260475934471,0.7491040405866946,0.7428999107629042,0.7367063226291598,0.7305236230113609,0.7243642407512987,0.7182334001218454,0.7121660084535657,0.7062160777106409,0.7003989032174276,0.694677618685581,0.6890472381380341,0.6835372816089408,0.6781590379924675,0.6728876462788768,0.6676875601760435,0.6625695314620633,0.6575679543317304,0.6527251756653785,0.648029610696853,0.6434460193139375,0.6389629203715098,0.6345579572692208,0.6302112029814403,0.6259076051161088,0.621635414818511,0.6174020324049998,0.6132159487193382,0.6090573833699584,0.604916902805401,0.6008301402042678,0.5968111642308839,0.5928459987101602,0.5889634850763674,0.5851684187749443,0.5814160959557803,0.5777035268285028,0.5740767813658564,0.5705130280185012,0.5670011289039377,0.563552097798447,0.5601250068744478,0.5567116526106983,0.5533445455401825,0.5500587237556884,0.5468236396318225,0.5435970172957769,0.5403373080492399,0.5370352969766667,0.5337526974843816,0.5305445914511551,0.5274040383245644,0.5243059341344481,0.5212140007773263,0.5180940694119945,0.5149504718231128,0.5118058478131935,0.5086730122617668,0.5055613323067243,0.502472060443085,0.49941113382989283,0.4963787614583209,0.4933509973517364,0.49029457893375045,0.4872121309852017,0.48413725196656576,0.4810742420884576,0.47802534783001255,0.47500374021456837,0.4720058190549185,0.4690047379431965,0.46597199337725814,0.46291836458397895,0.4598666952282923,0.45685325189831616,0.45392114106563847,0.4510554510472219,0.4482054950395502,0.44537814881507415,0.44255369151706153,0.4397215870391894,0.43691162870593586,0.4341171759044001,0.4313270167162238,0.4285439728300275,0.4257443725308152,0.42295247577238054,0.420225741209643,0.4176097636076459,0.4150464181219907,0.41250459554457786,0.4099623327485636,0.4074412620765017,0.405003171094717,0.4026824013737041,0.4004122069196214,0.39816204289707025,0.39592124704080506,0.3936780369646013,0.3914396282261627,0.3892173372993637,0.38699381893755375,0.38475115839612367,0.38248974680648,0.38021340494872014,0.377930659180243,0.3756411392358861,0.37335623425540954,0.371098887535162,0.3688957292811018,0.36673591982502113,0.36459167403516984,0.3624601851607306,0.360338685967584,0.3582469925515592,0.35618796181206697,0.3541490549233012,0.35212499841269745,0.35011610169732854,0.3481348409464236,0.34616765937484956,0.3441999593167993,0.342224288700393,0.34024396578450256,0.33828736858234926,0.3363749349701988,0.33449657285563505,0.3326222583037119,0.33074494771016094,0.3288706596914767,0.32701121950902495,0.3251758725426188,0.32336524635254377,0.32158889824172004,0.3198562535475844,0.31814017459843336,0.316418994608821,0.31469099716643345,0.31297610249801344,0.3112992058112848,0.30967565452182744,0.3081128483200953,0.3065851840957907,0.30506368105712633,0.30350681318777967,0.301899916390497,0.30025548986719097,0.29858158419251285,0.2968881821653163,0.2951952272011029,0.2935118695749617,0.29183922987961225,0.29016376907508556,0.2884773933312057,0.28678872802031485,0.28509706565371906,0.28339996062913525,0.2816999448239553,0.2799929675159503,0.2783024503699001,0.27666947805848324,0.27507352951217,0.2735024642329704,0.27196446158222287,0.2704314166177598,0.26888031744785934,0.26732473644191657,0.2657766984261855,0.26424711653897376,5
0.9988608647211005,0.9978842156104959,0.9968540639016531,0.9957693397973729,0.9946186033709826,0.993424234773607,0.9922009065860425,0.9909453682046082,0.9896609499582039,0.988342691905259,0.986980795600576,0.985586530243157,0.9841748481382122,0.9827673389447961,0.9813741537184818,0.9799921110666445,0.978613147472324,0.9772344058200501,0.9758550716890103,0.9744786291343536,0.9731076898384,0.9717343093572929,0.9703576187590957,0.9689796602587473,0.9675973112010722,0.9662160827227975,0.9648526445000803,0.9635042575552872,0.9621604850791163,0.960805239530699,0.9594581019305685,0.9581347672166407,0.9568178946538403,0.9555022738706245,0.9541778072940645,0.9528476091402889,0.9515202900107386,0.9501928264217224,0.9488589757952863,0.9475230394356186,0.9461936167807502,0.9448713816364857,0.9435523222987547,0.942237268826233,0.9409244804119905,0.9396159317576609,0.9383240838927972,0.9370436973818904,0.9357560950278481,0.934451801185069,0.9331499494277601,0.9318492605904105,0.930543015934998,0.9292530091153174,0.9279622789390302,0.9266503043087899,0.9253231794347361,0.9239900135800707,0.9226607550063023,0.9213320741602186,0.920009015937362,0.9186913595819277,0.9173772302667096,0.9160703435290982,0.9147738286416173,0.9134857867980202,0.9121994754415728,0.9109062755132262,0.909601201579544,0.9083002491538484,0.9070205365413229,0.905772731552445,0.9045393410440625,0.9033077993190141,0.9021240087388662,0.9009587194399634,0.8997434424008351,0.8984854242630116,0.8972263505817222,0.8959752412583935,0.8947268209287871,0.8934790042145776,0.8922345056930915,0.8909856050225435,0.8897266224847267,0.888457252056023,0.8871805327867128,0.8859006051491213,0.8846239799297391,0.8833504422895494,0.8820811408949359,0.880814823770869,0.8795465804354134,0.8782694616338863,0.8769982998203972,0.8757477229591202,0.8745028325489662,0.8732536161633299,0.8720156167772954,0.8708052056861013,0.8695934421043395,0.8683685854908835,0.8671466651050395,0.865919836423275,0.864682799369293,0.8634393917085933,0.8621858034360645,0.8609133740035746,0.859619648126962,0.8583239444083298,0.8570385072960726,0.8557565431848083,0.854475854344707,0.8531899526114324,0.8518905507605531,0.850580877076865,0.8492687625951945,0.8479582238318844,0.8466671900948497,0.8454350354364085,0.8442747758819578,0.8431321624942165,0.8419727662657611,0.8408212218415757,0.8396554106164862,0.8384484262427123,0.8372171421623213,0.835976659133789,0.8347304107680061,0.8334754991202121,0.8322107065238653,0.8309412492358275,0.8296612354360907,0.8283895379633829,0.827138470145822,0.82589587894124,0.8246520799597415,0.8233971318352972,0.8221327951121191,0.8208545433303565,0.8195610231993596,0.8182622702044333,0.8169773224298499,0.8157247309172555,0.814512067610563,0.8133180394841406,0.8121260611016293,0.8109458333786441,0.8097709622435373,0.8085900376146508,0.8074076018132147,0.8062270032231743,0.8050399427044154,0.803833005732243,0.8026113473307519,0.8013740361937818,0.8001131696878557,0.7988436719925694,0.7975807308562547,0.7963250944358923,0.795068325844358,0.7938098148215175,0.7925354600867728,0.791255971390864,0.7899828455113498,0.7887011429456184,0.7874170004837782,0.7861511978422061,0.7849946767997726,0.7838945462321977,0.7827206332508471,0.7814780861011859,0.780232558419358,0.7789927672552776,0.7777678011293779,0.7765452362785685,0.7753120488322266,0.7740644969280776,0.7728017155971335,0.7715391560966844,0.7702797649712773,0.7690132000853959,0.7677439180537705,0.7664808727080877,0.7652242994363517,0.7639680350081904,0.7627006847838268,0.7614114251349862,0.7601121609150767,0.7588149377804441,0.7575196716818987,0.7562441045893764,0.7550248240578623,0.7538688954947568,0.7527092583950348,0.7515166274709579,0.7503183847173206,0.749113416410575,0.7478925390883562,0.7466594309538133,0.745415082807493,6
1.0,0.9952995473327175,0.9905939852624255,0.9859192044269678,0.9813068879945039,0.9767307633924833,0.9721356632542945,0.9675575464844581,0.9630350947808126,0.9585930971568613,0.9541905492604431,0.9498114721906235,0.9454570229221593,0.9411394206579302,0.9368546893979871,0.9325754591030594,0.9283273073937554,0.9241426778348688,0.92000461633185,0.9158961695146852,0.9118447137044297,0.9078716626355828,0.9039584203442516,0.9000709460443164,0.8962373873520182,0.8925046636307381,0.8889031441852908,0.8854267731937002,0.8820443514477033,0.8787468466391967,0.8755133666306709,0.8723219893967192,0.8691771889188968,0.8660961744440926,0.8630860174990992,0.8601319883542515,0.8572283177590508,0.8543748435408466,0.851589421069065,0.8488570759731859,0.846143618559748,0.8434305108381492,0.8407172974855734,0.838011790316361,0.8353352792269286,0.8326675478508033,0.8300142055077556,0.8273951495372797,0.8248472637660986,0.8224091062665326,0.8200665687447669,0.8177579600782748,0.8154864781735193,0.8132589804471746,0.81107179797211,0.8089181789035234,0.8067972835851918,0.8046899898235846,0.8026125546926761,0.8005965255675198,0.7986128062183668,0.7966362156533122,0.7946712569827579,0.7927150359433296,0.7907535496058808,0.7888261341246601,0.7869579406117597,0.7851174878196776,0.7832817489055953,0.7814484604267595,0.7796365168866222,0.777865894779141,0.7761420422284319,0.7744481223391717,0.772776798863829,0.7711323162582256,0.7695152206499144,0.7679335405378819,0.7663914241674282,0.7648659592752477,0.7633514733138825,0.761866717509506,0.760414925677612,0.7589997216798019,0.7576102809779885,0.7562323695733876,0.754862044986003,0.7534893218446573,0.7521282840183788,0.7507678422757619,0.7494064528316218,0.7480321435285179,0.7466656893413707,0.7453172745324776,0.7440064126363821,0.7427433850456293,0.7415183933552106,0.7403200539939119,0.7391411244697746,0.7379719453575017,0.7367943513542892,0.7356069280206645,0.734411025937747,0.7332174874058522,0.7320299140684022,0.7308450282621985,0.7296802261924833,0.7285341912414663,0.7273859020699543,0.7262587193866737,0.7251393265442699,0.7240173847407854,0.722871091548873,0.7217235922835699,0.7205781501944448,0.7194362160136486,0.7182925645468448,0.7171691244762268,0.7160695470349749,0.7149688115312914,0.7138541013914058,0.7127244164552542,0.7115951064530934,0.7104715057315185,0.7093453051402885,0.7082165739271249,0.7070867932069942,0.7059511498696903,0.7048133824928507,0.7036611132803547,0.7024949458733148,0.7013327388883782,0.7001950751289885,0.6990917930130441,0.6979987498151404,0.6969057231823353,0.6957992796569309,0.6946607037341835,0.6935098780405795,0.6923514354083655,0.691187757044285,0.6900224613991354,0.6888530286207283,0.6876685070204829,0.6864844307554061,0.6853245222925932,0.6841801677213192,0.6830552233219057,0.6819438720566933,0.6808445059212789,0.6797636141622374,0.6786881422275621,0.6776065269788164,0.6765506963942642,0.6755104270900318,0.6744789059707367,0.6734482934381872,0.6724128176661485,0.6713524185567216,0.6702734579786043,0.6691754761384525,0.6680781145996333,0.6670000606149967,0.6659542520399236,0.6649256057080359,0.6638958515197215,0.662870248474342,0.6618584853684308,0.6608611616911342,0.6598600373769736,0.6588531553946636,0.6578413402860971,0.656825728151986,0.6558060166153619,0.6547761876437561,0.653727625621583,0.6526966913256759,0.6516831482469326,0.6506749077446743,0.6496803510702899,0.6486936592279685,0.6476946500764478,0.6466911448888286,0.6456782809033107,0.644676803218995,0.6436773688186194,0.6426669627705925,0.641630206893065,0.6405990473907152,0.6395911121684598,0.6385869700524877,0.6375756841310425,0.6365490329698642,0.6355171842416747,0.634478576110155,0.6334508004035008,0.6324444196792623,0.6314303890833007,0.6304061066673011,0.6293699235774246,0.6283244212279026,7
1.0,0.9736632399844909,0.9477411674604796,0.9225682306978318,0.8984788779664123,0.8756246408143503,0.853322669957883,0.8309051008299614,0.8086316355925732,0.7870625147005035,0.7666430216860578,0.7476405144222923,0.7305273279517871,0.7148300607817326,0.7005945604145251,0.688044883643075,0.6769414499199683,0.6667994747165588,0.657698348338698,0.648897563733865,0.6404061537735943,0.6325812698123645,0.6258099327633646,0.6203265100313882,0.6156433170541168,0.6112504312063699,0.607104556374989,0.6031832766654709,0.599489965577568,0.5960068388760694,0.5926965911655656,0.5895548636431817,0.5867443113037039,0.5843515169588509,0.582401406774294,0.5808782896270029,0.5796380503593135,0.5784614014694889,0.5772906213242145,0.5761298297938012,0.5751461606684944,0.5742899779551248,0.5735069194674401,0.5726923651831493,0.5717316811239076,0.5704879837707625,0.5688468212724127,0.5668739962133805,0.5648024433293,0.5626361817592462,0.5603955630861038,0.5580864098097525,0.5557137705176435,0.5532823623856516,0.5508180972186743,0.5482706773198261,0.5456423989437507,0.5429993851027259,0.5404116433405496,0.5379017182845439,0.535479868803238,0.5331576238962191,0.5309343194459177,0.5287656667011517,0.5266092659854256,0.5243871343331714,0.5221591156772907,0.5199857645345035,0.51788846917108,0.5158584117128221,0.5138705900499096,0.5118637737043554,0.509879415142857,0.5079588511629414,0.5061178215998525,0.5043438793142415,0.5025806544223763,0.5007611735007089,0.4989268003197734,0.4971189697011068,0.49537621457726944,0.4937521147797499,0.49223572172868996,0.49081903518079156,0.489479121359373,0.48814873767347483,0.48678308889743477,0.4853659126368818,0.48388913199143596,0.48238648592903416,0.48089514209219875,0.479425594676044,0.47798131835231245,0.4765368035976055,0.4750638065888079,0.47357379110187264,0.47207291674674157,0.47056547706645807,0.46905782724460465,0.4675734142783164,0.4661475647720425,0.4647973331919795,0.4634780298263803,0.46216051046044343,0.46080819413108914,0.45941137487446077,0.45795389241395373,0.45647695210534867,0.4549803423513687,0.4534032793813358,0.45169402012753407,0.4498358775537436,0.44788505376175797,0.44596675105640726,0.4441720023429939,0.44258166933398035,0.44162168205814506,0.44223628138156945,0.4441291753228726,0.4470328942429406,0.45066310539607446,0.45465384722214947,0.458364780728268,0.46142271607407376,0.4644305960231363,0.46809182243597725,0.4720276806860376,0.47589344628150343,0.47935911202141596,0.4821016809493536,0.48375773121703286,0.4840056128216084,0.4837246181158058,0.4832987956444659,0.48275651424660665,0.4820429854462408,0.4811753002911955,0.48027238084619867,0.47941690772596246,0.47868350068484894,0.47805624110062883,0.4775313960060659,0.4771141942059904,0.476782054642925,0.4764556448667227,0.4761351779877483,0.4758625508920597,0.47568606172856887,0.4755741412992459,0.47546884800290184,0.4753557504483346,0.4752112920590645,0.47505271129194593,0.47486999171222494,0.47466343671699984,0.4744561168065073,0.4742468139310802,0.47397096480982037,0.47363388982344545,0.473278645827886,0.472977067521585,0.47277255820572195,0.47261615352228253,0.47248148074854546,0.47235046733107083,0.4722180056143636,0.47204396727361164,0.47180019766010206,0.47152153660565793,0.47127275353804576,0.47108409029256443,0.47092598044796563,0.4707660004837974,0.4705760114272625,0.4702969063442698,0.46984966490781765,0.4692554827027868,0.4686252857697198,0.46810079040935665,0.4677263372918571,0.46744974384172605,0.4672244141809288,0.46698222110129745,0.4667094885577909,0.4663184844594888,0.46581432258918165,0.46525539568220636,0.46470455285463397,0.4641406191045664,0.46352375411098673,0.4628600209708687,0.4621579909207781,0.46145030221995176,0.46074611536661764,0.4600620399549196,0.45942836308383034,0.45885971954831223,0.4582684168450991,0.45763052915732905,0.45695420055626895,0.45625157829363067,8
