ifo_candidate,rank,score,curve_id,source_file,legend
Bridge,1,0.11515519599698003,Cd98c8425f4,/Users/shunhao/Desktop/ML/lab/data_all/x_time_h/10.1002_solr.201900245/Fig6_A_stability_performance_curve/accepted/10.1002_solr.201900245__Fig6__A__stability_performance_curve__NA_process__Series_1.csv,NA process
Bridge,2,0.09760171284768479,C4f787758a0,/Users/shunhao/Desktop/ML/lab/data_all/x_time_h/10.1109_jphotov.2016.2642639/Fig7_A_stability_performance_curve/accepted/10.1109_jphotov.2016.2642639__Fig7__A__stability_performance_curve__P3HT790nmMPT+TEOS__Series_2.csv,P3HT790nmMPT+TEOS
Bridge,3,0.08662724318707904,C09e477865f,/Users/shunhao/Desktop/ML/lab/data_all/x_time_h/10.1038_s41467-024-45228-9/Fig6_A_mppt_stability_performance_curve_image/accepted/10.1038_s41467-024-45228-9__Fig6__A__mppt_stability_performance_curve_image__PEDAI__Series_2.csv,PEDAI
Bridge,4,0.08094405105982586,C53dfd596a5,/Users/shunhao/Desktop/ML/lab/data_all/x_time_h/10.1109_jphotov.2016.2642639/Fig7_A_stability_performance_curve/accepted/10.1109_jphotov.2016.2642639__Fig7__A__stability_performance_curve__Spiro-MeOTADreference__Series_1.csv,Spiro-MeOTADreference
Bridge,5,0.053233372361654666,C9bcae4e31f,/Users/shunhao/Desktop/ML/lab/data_all/x_time_h/10.1002_solr.202100249/Fig5_D_stability_performance_curve_pce/accepted/10.1002_solr.202100249__Fig5__D__stability_performance_curve_pce__w_o_F4-TCNQ__Series_1.csv,w/o F4-TCNQ
Bridge,6,0.04858267113455072,Ca3ce90c5c1,/Users/shunhao/Desktop/ML/lab/data_all/x_time_h/10.1039_d0ta09209f/Fig7_D_stability_performance_curve/accepted/10.1039_d0ta09209f__Fig7__D__stability_performance_curve__Control__Series_1.csv,Control
Bridge,7,0.04456573633768836,Cdbb663cf09,/Users/shunhao/Desktop/ML/lab/data_all/x_time_day/10.1021_acs.jpcc.0c05357/Fig1_C_stability_performance_curve_pce/accepted/10.1021_acs.jpcc.0c05357__Fig1__C__stability_performance_curve_pce__Cs15-M__Series_2.csv,Cs15-M
Bridge,8,0.044160781617946974,C28219c9457,/Users/shunhao/Desktop/ML/lab/data_all/x_time_h/10.1021_acsaem.1c02033/Fig2_D_stability_performance_curve_pce/accepted/10.1021_acsaem.1c02033__Fig2__D__stability_performance_curve_pce__3D__Series_3.csv,3D
Hill,1,0.1715869787886803,C4b59244737,/Users/shunhao/Desktop/ML/lab/data_all/x_time_day/10.1039_c8ra03162b/Fig10_A_stability_performance_curve_plot/accepted/10.1039_c8ra03162b__Fig10__A__stability_performance_curve_plot__ZnO_NPs_TiO₂__Series_2.csv,ZnO NPs/TiO₂
Hill,2,0.16772784216285513,Cee18af46cb,/Users/shunhao/Desktop/ML/lab/data_all/x_time_day/10.1039_c8ra03162b/Fig10_B_stability_performance_curve_plot/accepted/10.1039_c8ra03162b__Fig10__B__stability_performance_curve_plot__ZnO_sol-gel_TiO2__Series_2.csv,ZnO sol-gel/TiO2
Hill,3,0.1345969823341325,Cd98c8425f4,/Users/shunhao/Desktop/ML/lab/data_all/x_time_h/10.1002_solr.201900245/Fig6_A_stability_performance_curve/accepted/10.1002_solr.201900245__Fig6__A__stability_performance_curve__NA_process__Series_1.csv,NA process
Hill,4,0.11972476775982668,C4f787758a0,/Users/shunhao/Desktop/ML/lab/data_all/x_time_h/10.1109_jphotov.2016.2642639/Fig7_A_stability_performance_curve/accepted/10.1109_jphotov.2016.2642639__Fig7__A__stability_performance_curve__P3HT790nmMPT+TEOS__Series_2.csv,P3HT790nmMPT+TEOS
Hill,5,0.108422332799925,C28219c9457,/Users/shunhao/Desktop/ML/lab/data_all/x_time_h/10.1021_acsaem.1c02033/Fig2_D_stability_performance_curve_pce/accepted/10.1021_acsaem.1c02033__Fig2__D__stability_performance_curve_pce__3D__Series_3.csv,3D
Hill,6,0.10422932602224153,C53dfd596a5,/Users/shunhao/Desktop/ML/lab/data_all/x_time_h/10.1109_jphotov.2016.2642639/Fig7_A_stability_performance_curve/accepted/10.1109_jphotov.2016.2642639__Fig7__A__stability_performance_curve__Spiro-MeOTADreference__Series_1.csv,Spiro-MeOTADreference
Hill,7,0.09411397735909342,Cdbb663cf09,/Users/shunhao/Desktop/ML/lab/data_all/x_time_day/10.1021_acs.jpcc.0c05357/Fig1_C_stability_performance_curve_pce/accepted/10.1021_acs.jpcc.0c05357__Fig1__C__stability_performance_curve_pce__Cs15-M__Series_2.csv,Cs15-M
Hill,8,0.08622681736121672,Ccbfa64919b,/Users/shunhao/Desktop/ML/lab/data_all/x_time_h/10.1038_s41467-018-06317-8/Fig6_A_stability_performance_curve/accepted/10.1038_s41467-018-06317-8__Fig6__A__stability_performance_curve__⚫MAPblg(CI)__Series_2.csv,⚫MAPblg(CI)
Slope,1,0.9946978741808628,Ca4d91d176f,/Users/shunhao/Desktop/ML/lab/data_all/x_time_day/10.1016_j.solener.2018.05.086/Fig7_A_stability_performance_curve/accepted/10.1016_j.solener.2018.05.086__Fig7__A__stability_performance_curve__FMC__Series_2.csv,FMC
Slope,2,0.9862355579728355,Ce163695e24,/Users/shunhao/Desktop/ML/lab/data_all/x_time_day/10.1002_cssc.201600887/Fig6_whole_stability/accepted/10.1002_cssc.201600887__Fig6__whole__stability__D-0_in_ambient_atm__Series_3.csv,D-0 in ambient atm
Slope,3,0.9762440086225054,C3c5eed0d77,/Users/shunhao/Desktop/ML/lab/data_all/x_time_h/10.1016_j.cej.2016.12.050/Fig11_whole_stability/accepted/10.1016_j.cej.2016.12.050__Fig11__whole__stability__Au__Series_2.csv,Au
Slope,4,0.9670996363604191,Cb3bd071eb5,/Users/shunhao/Desktop/ML/lab/data_all/x_time_h/10.1039_c8ta11524a/Fig4_I_stability_performance_curve_pce/accepted/10.1039_c8ta11524a__Fig4__I__stability_performance_curve_pce__Control__Series_2.csv,Control
Slope,5,0.9669676456422774,Cd79a632219,/Users/shunhao/Desktop/ML/lab/data_all/x_time_h/10.1016_j.xcrp.2021.100395/Fig6_E_stability_performance_curve_pce/accepted/10.1016_j.xcrp.2021.100395__Fig6__E__stability_performance_curve_pce__RH_0%__Series_2.csv,RH 0%
Slope,6,0.9662221298258401,Cc1718fee99,/Users/shunhao/Desktop/ML/lab/data_all/x_time_h/10.1021_acsenergylett.1c01817/Fig5_D_stability_performance_curve/accepted/10.1021_acsenergylett.1c01817__Fig5__D__stability_performance_curve__Ref__Series_2.csv,Ref
Slope,7,0.9632252510932553,C70855035f9,/Users/shunhao/Desktop/ML/lab/data_all/x_time_day/10.1039_d0ta06646j/Fig4_G_stability_performance_curve_pce/accepted/10.1039_d0ta06646j__Fig4__G__stability_performance_curve_pce__Uncoated__Series_3.csv,Uncoated
Slope,8,0.9616868753432227,C972f1ab756,/Users/shunhao/Desktop/ML/lab/data_all/x_time_day/10.1016_j.solener.2018.05.086/Fig7_A_stability_performance_curve/accepted/10.1016_j.solener.2018.05.086__Fig7__A__stability_performance_curve__MAPI__Series_1.csv,MAPI
Valley,1,0.5914762948249126,C3121ff636c,/Users/shunhao/Desktop/ML/lab/data_all/x_time_h/10.1002_aenm.201803047/Fig6_A_stability_performance_curve_pce_ff/accepted/10.1002_aenm.201803047__Fig6__A__stability_performance_curve_pce_ff__RUS-D__Series_1.csv,RUS-D
Valley,2,0.27580398445828314,C0838f9450c,/Users/shunhao/Desktop/ML/lab/data_all/x_time_day/10.1002_cssc.202001350/Fig8_B_jv_curve_stability_performance_pce/accepted/10.1002_cssc.202001350__Fig8__B__jv_curve_stability_performance_pce__spiro-OMeTAD__Series_1.csv,spiro-OMeTAD
Valley,3,0.147543421680967,C258cca97f1,/Users/shunhao/Desktop/ML/lab/data_all/x_time_day/10.1021_acs.jpcc.8b09722/Fig2_B_stability_performance_curve/accepted/10.1021_acs.jpcc.8b09722__Fig2__B__stability_performance_curve__Pristine_MAPbI₃__Series_2.csv,Pristine MAPbI₃
Valley,4,0.12439565648613143,C6e485d056c,/Users/shunhao/Desktop/ML/lab/data_all/x_time_day/10.7498_aps.71.20211344/Fig13_B_image/accepted/10.7498_aps.71.20211344__Fig13__B__image__w_oPEABr__Series_1.csv,w/oPEABr
Valley,5,0.09922382697997591,C665f9281df,/Users/shunhao/Desktop/ML/lab/data_all/x_time_h/10.1039_c8qm00620b/Fig3_D_stability_performance_curve/accepted/10.1039_c8qm00620b__Fig3__D__stability_performance_curve__ZnO_SnO₂_C₆₀-SAM__Series_3.csv,ZnO/SnO₂/C₆₀-SAM
Valley,6,0.09238650046132159,C2bda31b0de,/Users/shunhao/Desktop/ML/lab/data_all/x_time_h/10.1021_acsami.8b04003/Fig7_B_stability_performance_curve_retention/accepted/10.1021_acsami.8b04003__Fig7__B__stability_performance_curve_retention__YN1__Series_2.csv,YN1
Valley,7,0.06866950656110708,Ce19ea8279c,/Users/shunhao/Desktop/ML/lab/data_all/x_time_h/10.1002_aenm.202001869/Fig8_C_stability_performance_curve/accepted/10.1002_aenm.202001869__Fig8__C__stability_performance_curve__ITO_SnO₂_SAM_FAPbI₃_PDCBT_Ta-WOₓ_Ag__Series_3.csv,ITO/SnO₂/SAM/FAPbI₃/PDCBT/Ta-WOₓ/Ag
Valley,8,0.05536845806435059,Cc548cf1d93,/Users/shunhao/Desktop/ML/lab/data_all/x_time_h/10.1021_jacs.1c12732/Fig6_A_stability_performance_curve/accepted/10.1021_jacs.1c12732__Fig6__A__stability_performance_curve__FP-C8_C60__Series_2.csv,FP-C8/C60
