ari,ari_assigned,vi,common_assigned_fraction,cluster_0_jaccard,cluster_1_jaccard,repeat,n_unique,n_clusters,noise_fraction
,,1.060238040866242,0.2916666666666667,,0.18604651162790697,0,48,2,0.7468354430379747
0.959489085883138,1.0,0.1874649699177766,0.8627450980392157,0.5714285714285714,1.0,1,51,2,0.06329113924050633
0.9758636393207989,1.0,0.1355498744304744,0.9056603773584906,0.6666666666666666,1.0,2,53,2,0.05063291139240506
0.9790959618316856,1.0,0.12034602073109901,0.9215686274509803,0.6,1.0,3,51,2,0.0379746835443038
0.3407316280285308,0.2741868805935129,1.2010747934856036,0.75,0.375,0.675,4,52,3,0.3037974683544304
0.8860387822930897,1.0,0.3056471509444322,0.8913043478260869,0.7142857142857143,0.972972972972973,5,46,2,0.05063291139240506
0.6123940473897129,,0.6088581922105281,0.7755102040816326,0.0,0.875,6,49,2,0.21518987341772153
0.30897318252585343,0.2028985507246377,1.0429347352021838,0.23404255319148937,0.5,0.05263157894736842,7,47,5,0.5443037974683544
0.23028312550621702,0.8360655737704918,1.0354600045732891,0.4375,0.5714285714285714,0.43243243243243246,8,48,3,0.4810126582278481
-0.04709479449644204,,1.2160936490759018,0.4888888888888889,0.0,0.425,9,45,2,0.4810126582278481
0.3737946812430905,0.5913684785577711,1.0219908724419577,0.6296296296296297,0.25,0.75,10,54,2,0.35443037974683544
0.5255802305832645,0.4785276073619632,0.6509266487782518,0.875,0.5,0.8292682926829268,11,48,3,0.06329113924050633
0.9729116871974015,1.0,0.14688788499111038,0.8846153846153846,0.6666666666666666,1.0,12,52,2,0.0759493670886076
0.8217729102312085,1.0,0.40113499811690634,0.8076923076923077,0.6,0.9512195121951219,13,52,2,0.21518987341772153
0.6726313093634126,,0.5582551766877194,0.76,0.0,0.9,14,50,2,0.189873417721519
-0.16728624535315986,,1.176248041551697,0.22448979591836735,0.0,0.15,15,49,2,0.7721518987341772
,,0.5359610497090694,0.0,0.0,0.0,16,52,0,1.0
-0.0039373728670291375,0.07035774721738923,1.6839423892439975,0.5769230769230769,0.42857142857142855,0.26666666666666666,17,52,5,0.379746835443038
0.9625173370319001,1.0,0.1769737482280711,0.8723404255319149,0.5,1.0,18,47,2,0.0759493670886076
0.8930323471359751,1.0,0.26919486775469637,0.8823529411764706,0.6,0.9767441860465116,19,51,2,0.0759493670886076
0.22197461228014992,,1.1451610680712698,0.6304347826086957,0.0,0.6666666666666666,20,46,3,0.31645569620253167
0.47990339830947043,0.7444428509967016,0.8373560507367712,0.7333333333333333,0.6666666666666666,0.7714285714285715,21,45,3,0.17721518987341772
0.837287583061988,1.0,0.3609577394749879,0.803921568627451,0.8,0.9487179487179487,22,51,2,0.17721518987341772
0.3773865325254373,0.6044517800242991,0.9141743522420329,0.7142857142857143,0.6,0.725,23,49,3,0.25316455696202533
0.005445476849047809,-0.12796386902521642,1.5660919839192018,0.7551020408163265,0.1724137931034483,0.5,24,49,3,0.16455696202531644
-0.09123931201339583,,1.1750338926663042,0.38461538461538464,0.0,0.34782608695652173,25,52,2,0.5822784810126582
0.3473618896087464,0.5331205278718025,0.8918983249719483,0.7450980392156863,0.75,0.7209302325581395,26,51,3,0.22784810126582278
1.0,1.0,5.551115123125783e-16,0.9591836734693877,1.0,1.0,27,49,2,0.06329113924050633
-0.13512943282969306,,1.2412840437150934,0.30434782608695654,0.0,0.34285714285714286,28,46,2,0.6329113924050633
-0.07673118315039461,,1.1857540554077635,0.39622641509433965,0.0,0.4090909090909091,29,53,2,0.620253164556962
0.36084949317184084,0.7495892734114156,0.9236462089964097,0.6666666666666666,0.6666666666666666,0.6976744186046512,30,54,3,0.25316455696202533
0.9044075144508671,1.0,0.2550493512881786,0.86,0.8,0.975,31,50,2,0.1518987341772152
0.8181360744707616,1.0,0.3678495914425386,0.8260869565217391,0.75,0.9459459459459459,32,46,2,0.11392405063291139
0.9088607791924845,0.867883020515059,0.2526243969746731,0.9038461538461539,0.8,0.9767441860465116,33,52,3,0.08860759493670886
0.10168390076429476,,0.9805426232888418,0.6226415094339622,0.0,0.6458333333333334,34,53,2,0.3291139240506329
0.3399899311965095,,0.8815078171514493,0.717391304347826,0.0,0.7692307692307693,35,46,2,0.22784810126582278
0.3707505096272822,0.6992921649987796,0.9088364314232132,0.6875,0.6,0.717948717948718,36,48,3,0.25316455696202533
,,0.4140483413593772,0.0,0.0,0.0,37,55,0,1.0
1.0,1.0,3.3306690738754696e-16,0.9555555555555556,1.0,1.0,38,45,2,0.05063291139240506
0.2377566307260566,0.5435473005485516,1.0839606281628598,0.6078431372549019,0.7142857142857143,0.5789473684210527,39,51,3,0.3291139240506329
0.9714786837542104,1.0,0.1953555866641008,0.8888888888888888,0.3333333333333333,1.0,40,54,2,0.06329113924050633
0.4611330250272035,-0.031385557540188826,0.5968183243127483,0.8867924528301887,0.0625,0.8775510204081632,41,53,2,0.0379746835443038
0.7828918970250531,1.0,0.42183321184077416,0.7924528301886793,0.8,0.926829268292683,42,53,2,0.16455696202531644
0.04551220653860602,0.10442727716038293,1.6431238085809723,0.6538461538461539,0.2857142857142857,0.4523809523809524,43,52,5,0.2911392405063291
,,0.5242006217060988,0.0,0.0,0.0,44,53,0,1.0
0.2570960152182619,,0.9161864563540492,0.7083333333333334,0.0,0.7380952380952381,45,48,2,0.2911392405063291
0.7145307863501483,1.0,0.3984406056158396,0.875,0.75,0.9285714285714286,46,48,2,0.11392405063291139
0.8297179646632769,0.7110397561838417,0.3434262629870004,0.8571428571428571,0.5,0.9487179487179487,47,49,3,0.11392405063291139
0.9680716161951632,1.0,0.15674877955012323,0.8958333333333334,0.5,1.0,48,48,2,0.0379746835443038
0.6766628503896296,0.7881472107982705,0.5712765724894759,0.8235294117647058,0.8333333333333334,0.875,49,51,3,0.16455696202531644
