curve_id,axis_valid,audit_reasons,source_file,record,series_name,x_name,x_unit,y_name,y_unit,time_factor_to_hours,n_unique_points,duration_hours,x_min_original,x_max_original,y_min_original,y_max_original,window_hours,amplitude,start_value,end_value,end_minus_start,end_minus_start_ratio,gain_abs,gain_ratio,peak_drop_abs,peak_drop_ratio,early_peak_drop_abs,early_peak_drop_ratio,early_drop_abs,early_drop_ratio,recovery_abs,recovery_ratio,post_recovery_drop_abs,post_recovery_drop_ratio,t_peak_fraction,t_early_min_fraction,t_recovery_fraction,early_boundary_fraction,early_slope,late_slope,fraction_negative_steps,final_class,rule_ensemble_stability,strict_topology_match,strict_class,confidence_level,review_recommended
图片103_129eb17332,True,,lab-v2/som_references/accepted/samples_test/图片103/accepted/samples_test__unknown__unknown__图片103__Control__Series_2.csv,图片103,samples_test__unknown__unknown__图片103__Control__Series_2,Time,(h),Normalized PCE,,1.0,63,1001.8731109582542,-1.3105387035323872,1000.5625722547218,0.5208347986198131,0.9972044422696348,750,0.31675698399443886,0.9785364715778595,0.6846768749902061,-0.29385959658765337,-0.927713077962671,0.02159018200249818,0.06816008199799387,0.31544977859015155,0.9958731599606648,0.10166505411256177,0.32095599860348034,0.08007487211006359,0.2527959166054865,0.0,0.0,0.21378472447758978,0.6749171613571845,0.0,0.26666666666666666,0.26666666666666666,0.26666666666666666,-0.7220095265853163,-0.12063770302674197,0.6166666666666667,IFO-Slope,1.0,True,IFO-Slope,high,False
图片103_bbae347332,True,,lab-v2/som_references/accepted/samples_test/图片103/accepted/samples_test__unknown__unknown__图片103__。Target__Series_1.csv,图片103,samples_test__unknown__unknown__图片103__。Target__Series_1,Time,(h),Normalized PCE,,1.0,65,1001.8731109582543,-2.8759654394046663,998.9971455188496,0.9123714920306254,1.0037300538264815,750,0.09097538515118475,0.9987021138559534,0.9139243741109957,-0.08477773974495773,-0.9318755793566836,0.0012978861440472444,0.014266344043395813,0.08607562588900497,0.9461419234000795,0.04517956763456621,0.4966130955036451,0.044443224996508435,0.4885192288293342,0.0005615435059894702,0.006172477369084899,0.04089605825443876,0.4495288278964344,0.0,0.25666666666666665,0.26666666666666666,0.26666666666666666,-0.28914918206078544,-0.08984733527686817,0.6533333333333333,IFO-Slope,1.0,True,IFO-Slope,high,False
图片105_59069294b1,True,,lab-v2/som_references/accepted/samples_test/图片105/accepted/samples_test__unknown__unknown__图片105__Series_2__Series_2.csv,图片105,samples_test__unknown__unknown__图片105__Series_2__Series_2,Time,(h),Normalized PCE,,1.0,56,1071.4679983736246,-5.193889142878078,1066.2741092307465,0.8908951914228523,0.9945654512250532,750,0.08988497634868098,0.9389848308102448,0.9236444322004757,-0.015340398609769101,-0.1706669927826511,0.06101348563404141,0.6787951458913273,0.07635388424381051,0.8494621386739784,0.020832782781328718,0.2317715777163291,0.02887149071463957,0.3212048541086727,0.08988497634868098,1.0,0.07635388424381051,0.8494621386739784,0.14333333333333334,0.0,0.14333333333333334,0.26666666666666666,0.6311874145763021,-0.05245975480521828,0.5633333333333334,IFO-Hill,1.0,True,IFO-Hill,high,False
图片107_64985ae00f,True,,lab-v2/som_references/accepted/samples_test/图片107/accepted/samples_test__unknown__unknown__图片107__Series_2__Series_2.csv,图片107,samples_test__unknown__unknown__图片107__Series_2__Series_2,Time,(h),PCE,(norm.),1.0,33,1309.7213885782335,6.307334471227364,1316.0287230494607,0.662154006842725,1.021730881947326,750,0.27892959740408996,0.994006928853318,0.7216329114658174,-0.27237401738750056,-0.9764973667993639,0.005990606050132019,0.02147712579046722,0.2783646234376326,0.9979744925898312,0.2138750809381894,0.7667708372602173,0.2078844748880574,0.7452937114697501,0.0,0.0,0.06448954249944316,0.23120365532961384,0.0,0.26666666666666666,0.26666666666666666,0.26666666666666666,-1.074725588073927,-0.09620800717300529,1.0,IFO-Slope,1.0,True,IFO-Slope,high,False
图片107_f3e8ef4f1f,True,,lab-v2/som_references/accepted/samples_test/图片107/accepted/samples_test__unknown__unknown__图片107__Series_1__Series_1.csv,图片107,samples_test__unknown__unknown__图片107__Series_1__Series_1,Time,(h),PCE,(norm.),1.0,33,1309.7213885782332,14.493093149841345,1324.2144817280746,0.5107532173249982,0.9990207635196668,750,0.33949772045860405,0.990217766609747,0.6616647184586529,-0.3285530481510941,-0.9677621626067899,0.009787276143125134,0.028828694725561568,0.33834032429421923,0.9965908573323515,0.23347349479492707,0.6877026876043345,0.22368621865180194,0.658873992878773,0.0,0.0,0.10486682949929216,0.308888169728017,0.0,0.26666666666666666,0.26666666666666666,0.26666666666666666,-1.5291853368679393,-0.1388875397278304,1.0,IFO-Slope,1.0,True,IFO-Slope,high,False
图片113_a2c8fdf9a4,True,,lab-v2/som_references/accepted/samples_test/图片113/accepted/samples_test__unknown__unknown__图片113__Series_1__Series_1.csv,图片113,samples_test__unknown__unknown__图片113__Series_1__Series_1,Time (h),h,Normalized PCE,,1.0,50,995.8466823611939,0.351036024886298,996.1977183860802,0.8663104464312308,1.0044508680643878,750,0.035349636334025325,0.9984335011777706,0.9666112165561754,-0.0318222846215952,-0.9002153323700555,0.0015664988222302556,0.04431442539968772,0.033388783443825454,0.9445297577697432,0.020002700198633372,0.5658530687451525,0.018436201376403116,0.5215386433454647,0.0047821429040487695,0.1352812475597035,0.01816822614924085,0.5139579365842942,0.0,0.26666666666666666,0.54,0.26666666666666666,-0.11061721783776896,-0.003704050022249724,0.2866666666666667,IFO-Slope,1.0,True,IFO-Slope,high,False
图片114_9f1ff62ac8,True,,lab-v2/som_references/accepted/samples_test/图片114/accepted/samples_test__unknown__unknown__图片114__Series_2__Series_2.csv,图片114,samples_test__unknown__unknown__图片114__Series_2__Series_2,Time,hr,Normalized PCE,,1.0,84,985.9034105954341,1.9695087968972729,987.8729193923314,0.9572675187758116,1.0196828187447466,750,0.04344974951044589,0.9811369427380249,0.9632738075815065,-0.017863135156518384,-0.41112170628794653,0.018721198188169086,0.43087010625155076,0.03658433334468747,0.8419918125394973,0.017311471179998428,0.39842510889128424,0.018767313967343546,0.43193146517062514,0.03748851215551263,0.862801571422176,0.03658433334468747,0.8419918125394973,0.22,0.03666666666666667,0.22,0.26666666666666666,-0.1958979021173025,-0.01790614192359279,0.33666666666666667,IFO-Valley,1.0,True,IFO-Valley,high,False
图片115_9640dfe869,True,,lab-v2/som_references/accepted/samples_test/图片115/accepted/samples_test__unknown__unknown__图片115__Series_2__Series_2.csv,图片115,samples_test__unknown__unknown__图片115__Series_2__Series_2,Time,(h),PCE,(norm.),1.0,31,1332.9183360625989,5.031707514333846,1337.9500435769328,0.6549987121716392,1.013111479284185,750,0.27477524400375086,0.9935975304027632,0.7258038379371002,-0.267793692465663,-0.974591773857209,0.00640327945221586,0.023303698538899124,0.27419697191787884,0.9978954723961081,0.20866160498703357,0.759390118071136,0.2022583255348177,0.7360864195322369,0.0,0.0,0.06553536693084527,0.23850535432497214,0.0,0.26666666666666666,0.26666666666666666,0.26666666666666666,-1.0393168276133382,-0.08714258373183029,1.0,IFO-Slope,1.0,True,IFO-Slope,high,False
图片115_b130dc5a9e,True,,lab-v2/som_references/accepted/samples_test/图片115/accepted/samples_test__unknown__unknown__图片115__Series_1__Series_1.csv,图片115,samples_test__unknown__unknown__图片115__Series_1__Series_1,Time,(h),PCE,(norm.),1.0,30,1288.4877248605123,18.360890874959807,1306.848615735472,0.5175833480470575,0.9922909695683396,750,0.33457054719186063,0.9910632519090271,0.6666165703480997,-0.3244466815609274,-0.9697407147284615,0.008942985250066093,0.026729744519136373,0.33338966681099347,0.9964704592475978,0.23534274542987088,0.7034174030116069,0.2263997601798048,0.6766876584924706,0.0,0.0,0.09804692138112259,0.2930530562359909,0.0,0.26666666666666666,0.26666666666666666,0.26666666666666666,-1.5606026022926354,-0.12093077176059136,1.0,IFO-Slope,1.0,True,IFO-Slope,high,False
图片116_91935f1b71,True,,lab-v2/som_references/accepted/samples_test/图片116/accepted/samples_test__unknown__unknown__图片116__Series_1__Series_1.csv,图片116,samples_test__unknown__unknown__图片116__Series_1__Series_1,Times,(h),Normalized MPPT,,1.0,43,988.4424698001794,0.489345608014986,988.9318154081944,0.5063897787021453,0.9199509760980016,750,0.4457766568326471,0.997678861332249,0.5559770424038074,-0.4417018189284416,-0.9908590146169649,0.002363478052927248,0.005301933191657772,0.4440652969813689,0.9961609478086226,0.25377124219742175,0.5692788940554423,0.2514077641444945,0.5639769608637845,0.0,0.0,0.19029405478394712,0.4268820537531804,0.0033333333333333335,0.26666666666666666,0.26666666666666666,0.26666666666666666,-1.9804424196261075,-0.34970906359592485,0.9033333333333333,IFO-Slope,1.0,True,IFO-Slope,high,False
图片116_d9761adfd7,True,,lab-v2/som_references/accepted/samples_test/图片116/accepted/samples_test__unknown__unknown__图片116__Series_4__Series_4.csv,图片116,samples_test__unknown__unknown__图片116__Series_4__Series_4,Times,(h),Normalized MPPT,,1.0,52,1007.0923277209378,0.489345608014986,1007.5816733289528,0.7977624405037714,0.9246505351593184,750,0.12315332541110413,0.9965931467591109,0.8889591096543317,-0.10763403710477926,-0.8739840093272416,0.003406853240889518,0.027663509933791353,0.11104089034566877,0.901647519261033,0.07525839935455358,0.6110951458544043,0.07185154611366407,0.5834316359206129,0.0,0.0,0.03578249099111519,0.29055237340662876,0.0,0.26666666666666666,0.26666666666666666,0.26666666666666666,-0.47851449757985715,-0.014694347075677055,0.53,IFO-Slope,1.0,True,IFO-Slope,high,False
图片116_ee1732337d,True,,lab-v2/som_references/accepted/samples_test/图片116/accepted/samples_test__unknown__unknown__图片116__Series_2__Series_2.csv,图片116,samples_test__unknown__unknown__图片116__Series_2__Series_2,Times,(h),Normalized MPPT,,1.0,55,1007.0923277209376,19.139203528773095,1026.2315312497108,0.5157888968247785,0.6990717002161239,750,0.23057418202834812,0.9824111769675997,0.771565807845164,-0.21084536912243568,-0.9144361578891479,0.0176124726383996,0.07638527645837738,0.22845784176083528,0.9908214343475253,0.12669576681825867,0.5494794157078782,0.11032293070022814,0.47847044161546415,0.0012396365203690696,0.005376302365963339,0.10176207494257661,0.4413420186396471,0.0,0.25333333333333335,0.26666666666666666,0.26666666666666666,-0.8997130309024772,-0.07525241655345333,0.6733333333333333,IFO-Slope,1.0,True,IFO-Slope,high,False
图片121_3847c97967,True,,lab-v2/som_references/accepted/samples_test/图片121/accepted/samples_test__unknown__unknown__图片121__2PaCz__Series_1.csv,图片121,samples_test__unknown__unknown__图片121__2PaCz__Series_1,Time,hours,PCE,%,1.0,50,855.9214488670177,3.535423831538054,859.4568726985558,17.104731940533462,21.61526350583913,750,0.18608444070176455,0.9973492678199841,0.8158534170201767,-0.18149585079980746,-0.9753413564043693,0.0025741677569167676,0.013833331509120408,0.18407001855672422,0.9891746879134896,0.042470492203378396,0.2282323661409466,0.03989632444646163,0.21439903463182622,0.0,0.0,0.14159952635334583,0.7609423217725431,0.02,0.26666666666666666,0.26666666666666666,0.26666666666666666,-0.18122160345370222,-0.13489252110177033,0.7866666666666666,IFO-Slope,1.0,True,IFO-Slope,high,False
图片122_839b6dd4d3,True,,lab-v2/som_references/accepted/samples_test/图片122/accepted/samples_test__unknown__unknown__图片122__OCT-doped__Series_2.csv,图片122,samples_test__unknown__unknown__图片122__OCT-doped__Series_2,Time,( h ),PCE,( % ),1.0,53,997.8628278541325,10.657576324123909,1008.5204041782564,0.9385309555869696,1.0069026225652429,750,0.06346688815583079,0.9981532710058927,0.9378001410422998,-0.06035312996359288,-0.950938855161881,0.0018467289941079823,0.02909751915949767,0.06219985895770086,0.9800363743213787,0.03342881401043529,0.5267126683185922,0.03158208501632731,0.49761514915909455,0.0,0.0,0.028771044947265567,0.45332370600278643,0.0,0.26666666666666666,0.26666666666666666,0.26666666666666666,-0.10929530908248031,-0.028019497525225676,0.48,IFO-Slope,1.0,True,IFO-Slope,high,False
图片127_bf5402f13a,True,,lab-v2/som_references/accepted/samples_test/图片127/accepted/samples_test__unknown__unknown__图片127__Series_3__Series_3.csv,图片127,samples_test__unknown__unknown__图片127__Series_3__Series_3,Time,(h),Normal. PCE,,1.0,37,2118.153166482114,0.8922392536749157,2119.0454057357892,0.537151005999566,0.9855006764291488,750,0.26379133165125124,0.9796778021854649,0.7382051859070776,-0.24147261627838723,-0.915392536846621,0.02033108823868157,0.07707261687264444,0.2618037045170688,0.9924651537192655,0.2302720947773248,0.872932758388585,0.20994100653864323,0.7958601415159405,0.0,0.0,0.031531609739744004,0.11953239533068045,0.0,0.26666666666666666,0.26666666666666666,0.26666666666666666,-1.71725970345946,-0.014976896159922272,0.4666666666666667,IFO-Slope,1.0,True,IFO-Slope,high,False
图片127_e6b6963001,True,,lab-v2/som_references/accepted/samples_test/图片127/accepted/samples_test__unknown__unknown__图片127__Series_1__Series_1.csv,图片127,samples_test__unknown__unknown__图片127__Series_1__Series_1,Time,(h),Normal. PCE,,1.0,37,2118.153166482114,-4.991519542108733,2113.1616469400055,0.8012949978805606,0.9994029917913064,750,0.13229646725973343,0.9952839396625771,0.8678171507991349,-0.1274667888634422,-0.9634935195449379,0.004715339101564298,0.03564221478648272,0.1321821279650065,0.9991357343314206,0.091018550496476,0.6879892742546344,0.0863032113949117,0.6523470594681516,0.0,0.0,0.0411635774685305,0.3111464600767862,0.0,0.26666666666666666,0.26666666666666666,0.26666666666666666,-0.5274196459446792,-0.040562865054812006,0.9666666666666667,IFO-Slope,1.0,True,IFO-Slope,high,False
图片127_fa3bbaf3ca,True,,lab-v2/som_references/accepted/samples_test/图片127/accepted/samples_test__unknown__unknown__图片127__Series_2__Series_2.csv,图片127,samples_test__unknown__unknown__图片127__Series_2__Series_2,Time,(h),Normal. PCE,,1.0,37,2118.153166482114,-4.991519542108733,2113.1616469400055,0.8673309958508091,1.0028785706318455,750,0.06578557940223007,0.9974334371497809,0.9376835842552218,-0.05974985289455914,-0.908251526208093,0.0025678564989092267,0.03903372931032023,0.06231770939346837,0.9472852555184132,0.05173925155240422,0.7864831779630158,0.04917139505349499,0.7474494486526956,0.0,0.0,0.010578457841064148,0.16080207755539733,0.0,0.26666666666666666,0.26666666666666666,0.26666666666666666,-0.2503511026060671,0.008374762289469064,0.4866666666666667,IFO-Slope,1.0,True,IFO-Slope,high,False
图片12_353c32e27e,True,,lab-v2/som_references/accepted/samples_test/图片12/accepted/samples_test__unknown__unknown__图片12__Target__Series_2.csv,图片12,samples_test__unknown__unknown__图片12__Target__Series_2,Time,(h),Normalized PCE,,1.0,51,1561.8801618558145,-9.610894971825417,1552.269266883989,0.9315266730322,1.0002805726096011,750,0.04061402767811384,0.9997961950483673,0.9593881108895189,-0.040408084158848334,-0.994929251516306,0.00020380495163363488,0.005018092597190543,0.04061188911048197,0.9999473441134964,0.012679410820933823,0.3121928935840689,0.012475605869300188,0.3071748009868784,0.0,0.0,0.027932478289548146,0.6877544505294275,0.0,0.26666666666666666,0.26666666666666666,0.26666666666666666,-0.06073229247261047,-0.006626466455884688,0.6966666666666667,IFO-Slope,1.0,True,IFO-Slope,high,False
图片132_03c9048497,True,,lab-v2/som_references/accepted/samples_test/图片132/accepted/samples_test__unknown__unknown__图片132__SnO2-FBA__Series_2.csv,图片132,samples_test__unknown__unknown__图片132__SnO2-FBA__Series_2,Time,(h),Normalized PCE,,1.0,43,986.2603191123052,-1.7066469765924523,984.5536721357128,0.8023489318802772,1.0018484138687491,750,0.18189528734349214,0.9969575338206002,0.8190151422580724,-0.17794239156252778,-0.9782682891970714,0.0030223026921100127,0.016615618448666446,0.1809646942546378,0.9948839076457379,0.05028494499563918,0.2764499604691835,0.04726264230352917,0.2598343420205171,0.0,0.0,0.1306797492589986,0.7184339471765544,0.11333333333333333,0.26666666666666666,0.26666666666666666,0.26666666666666666,-0.024900118033768494,-0.15333440560315223,0.9,IFO-Slope,1.0,True,IFO-Slope,high,False
图片132_74754f7a23,True,,lab-v2/som_references/accepted/samples_test/图片132/accepted/samples_test__unknown__unknown__图片132__Sn_{$__Series_1.csv,图片132,samples_test__unknown__unknown__图片132__Sn_{$__Series_1,Time,(h),Normalized PCE,,1.0,43,986.2603191123052,-1.7066469765924523,984.5536721357128,0.5007799474790984,0.992569368194867,750,0.4387803076191368,0.9983457839432832,0.5636987976105221,-0.4346469863327611,-0.990579975412289,0.00164506753006477,0.0037491826809435934,0.4362920538628259,0.9943291580932326,0.11014440502889755,0.2510240389468512,0.10849933749883278,0.24727485626590764,0.0,0.0,0.3261476488339283,0.7433051191463813,0.0,0.26666666666666666,0.26666666666666666,0.26666666666666666,-0.4922526252117748,-0.4221815827073412,1.0,IFO-Slope,1.0,True,IFO-Slope,high,False
图片135_933b9d0c2e,True,,lab-v2/som_references/accepted/samples_test/图片135/accepted/samples_test__unknown__unknown__图片135__Series_1__Series_1.csv,图片135,samples_test__unknown__unknown__图片135__Series_1__Series_1,Time,h,Normalized PCE,,1.0,57,1011.0572730371723,5.147157694138514,1016.2044307313108,0.9827340021943828,0.9962702498350516,750,0.013518162366149777,0.9984321290312065,0.9909834822001246,-0.007448646831081929,-0.5510103096360013,0.0015678709687941828,0.11598255194213512,0.009016517799876111,0.6669928615781364,0.004487353953718576,0.3319499967654744,0.011950291397355595,0.8840174480578649,0.009053210505274745,0.6697071880083703,0.004551565939001079,0.3367000495865067,0.0,0.09666666666666666,0.6466666666666666,0.26666666666666666,-0.12709956016514462,-0.011825774799763022,0.17,IFO-Valley,1.0,True,IFO-Valley,high,False
图片135_d9d595e475,True,,lab-v2/som_references/accepted/samples_test/图片135/accepted/samples_test__unknown__unknown__图片135__Series_2__Series_2.csv,图片135,samples_test__unknown__unknown__图片135__Series_2__Series_2,Time,h,Normalized PCE,,1.0,57,1011.0572730371723,10.563535942551937,1021.6208089797242,0.6759123890058928,1.0007823323819411,750,0.25483936598137025,0.9965083926786019,0.746721533010415,-0.24978685966818692,-0.9801737604638654,0.0034916073213987486,0.013701208633732039,0.25327846698958567,0.9938749690975974,0.09083386198107046,0.35643575564267715,0.08734225465967171,0.3427345470089451,0.0,0.0,0.1624446050085152,0.6374392134549203,0.0,0.26666666666666666,0.26666666666666666,0.26666666666666666,-0.30878105273184414,-0.187307879015998,0.9866666666666667,IFO-Slope,1.0,True,IFO-Slope,high,False
图片141_a26b87de5f,True,,lab-v2/som_references/accepted/samples_test/图片141/accepted/samples_test__unknown__unknown__图片141__Cell3__Series_3.csv,图片141,samples_test__unknown__unknown__图片141__Cell3__Series_3,Time,(hours),Norm. PCE,,1.0,39,2411.8599222799694,-23.685421990936447,2388.174500289033,0.9092839550759074,1.004881211891483,750,0.015224418789059446,0.9967486457256022,0.9887023821554314,-0.008046263570170797,-0.5285103938386794,0.003249762998638328,0.21345727831486538,0.011296026568809125,0.7419676721535448,0.008200532022811347,0.5386433555482856,0.0049507690241730185,0.3251860772334202,0.0,0.0,0.003095494545997779,0.20332431660525915,0.07,0.26666666666666666,0.26666666666666666,0.26666666666666666,0.035518741669607716,2.5905215602929416e-14,0.4,IFO-Hill,0.54,True,IFO-Hill,low_review,True
图片141_fcf9b338aa,True,,lab-v2/som_references/accepted/samples_test/图片141/accepted/samples_test__unknown__unknown__图片141__Cell4__Series_4.csv,图片141,samples_test__unknown__unknown__图片141__Cell4__Series_4,Time,(hours),Norm. PCE,,1.0,38,2348.389924325233,-17.33842219546284,2331.05150212977,0.8283939685396513,1.001204394321653,750,0.04107662539475676,0.9989503521223427,0.9592828289693628,-0.039667523152979944,-0.9656957642397596,0.0010479856653118347,0.02551294453330641,0.04071550881829178,0.991208708773066,0.01683727012063929,0.409899059594815,0.015789284455327457,0.38438611506150855,0.0008899396177994845,0.021665353695610085,0.024768178315451972,0.6029750028738611,0.05,0.26666666666666666,0.33,0.26666666666666666,-0.007723579177796019,-0.04333398917823548,0.8466666666666667,IFO-Slope,1.0,True,IFO-Slope,high,False
图片160_081675db60,True,,lab-v2/som_references/accepted/samples_test/图片160/accepted/samples_test__unknown__unknown__图片160__Series_2__Series_2.csv,图片160,samples_test__unknown__unknown__图片160__Series_2__Series_2,Time,hour,Normalized PCE,,1.0,34,975.619819947768,-2.5115440001147817,973.1082759476532,0.9202733137860268,1.0032004087401791,750,0.07771248606789727,0.9995143365821088,0.9231858337697783,-0.0763285028123305,-0.9821909795247371,0.00048345925771620113,0.006221127159589304,0.0768119620700467,0.9884121066843263,0.027011733430625795,0.34758550134434885,0.027241173051133716,0.3505379177720958,0.0007128988782241219,0.009173543587336318,0.04980022863942091,0.6408266053399776,0.02,0.24333333333333335,0.26666666666666666,0.26666666666666666,-0.12232971648575411,-0.15581309165373344,0.7866666666666666,IFO-Slope,1.0,True,IFO-Slope,high,False
图片162_09ccd333ad,True,,lab-v2/som_references/accepted/samples_test/图片162/accepted/samples_test__unknown__unknown__图片162__Series_1__Series_1.csv,图片162,samples_test__unknown__unknown__图片162__Series_1__Series_1,Time,(h),Normal. PCE,,1.0,76,1476.4354793422563,6.693371039119853,1483.1288503813762,0.1988447979336783,0.9655484648531408,750,0.5716874827140581,0.9822626719362932,0.43115366995206755,-0.5511090019842257,-0.964003968335747,0.017737328063707203,0.0310262662731395,0.568846330047933,0.9950302346088864,0.27401295908232437,0.47930550758512563,0.25627563101861717,0.44827924131198615,0.0,0.0,0.2948333709656085,0.5157247270237607,0.0,0.26666666666666666,0.26666666666666666,0.26666666666666666,-1.5916109870101762,-0.41974067632685547,1.0,IFO-Slope,1.0,True,IFO-Slope,high,False
图片162_5bd5654536,True,,lab-v2/som_references/accepted/samples_test/图片162/accepted/samples_test__unknown__unknown__图片162__Series_2__Series_2.csv,图片162,samples_test__unknown__unknown__图片162__Series_2__Series_2,Time,(h),Normal. PCE,,1.0,75,1456.7496729510262,10.630532317365862,1467.380205268392,0.853558041595242,1.0215436764820904,750,0.13477478708426716,0.995485238929815,0.8719442161625343,-0.12354102276728074,-0.9166478793250656,0.004535774044799323,0.03365447011957331,0.12807679681208006,0.950302349444639,0.07230521366983567,0.5364891700747206,0.06776943962503634,0.5028346999551473,0.0,0.0,0.055771583142244396,0.41381317936991835,0.0,0.26666666666666666,0.26666666666666666,0.26666666666666666,-0.34573079751832153,-0.08799192070037792,0.6733333333333333,IFO-Slope,1.0,True,IFO-Slope,high,False
图片162_ce1b0fab57,True,,lab-v2/som_references/accepted/samples_test/图片162/accepted/samples_test__unknown__unknown__图片162__Series_3__Series_3.csv,图片162,samples_test__unknown__unknown__图片162__Series_3__Series_3,Time,(h),Normal. PCE,,1.0,75,1456.7496729510262,12.599112956488852,1469.348785907515,0.9870850847104292,1.038772972367921,750,0.045544246831982216,0.997026197533879,0.9577971880388492,-0.03922900949502983,-0.8613384175557893,0.0029738024661218887,0.0652947995186434,0.04220281196115172,0.9266332170744327,0.02893901186864556,0.6354043349405861,0.02626771619090007,0.5767515771597803,0.00031150604650886926,0.006839635479274685,0.013272799350638631,0.2914264758752837,0.0,0.24333333333333335,0.34,0.26666666666666666,-0.13039566772340855,-0.02102346563632181,0.42333333333333334,IFO-Slope,1.0,True,IFO-Slope,high,False
图片163_7409b913fe,True,,lab-v2/som_references/accepted/samples_test/图片163/accepted/samples_test__unknown__unknown__图片163__Target__Series_2.csv,图片163,samples_test__unknown__unknown__图片163__Target__Series_2,Time,(h),SPO,(Normalized),1.0,91,1413.14658019644,6.954032504339352,1420.1006127007795,0.8774773664379666,0.9894282157893092,750,0.09262419403786948,0.9956567430526689,0.9246534196928967,-0.07100332335977222,-0.7665742638553211,0.004343256947331731,0.0468911712803243,0.07534658030710395,0.8134654351356454,0.07458818037026405,0.8052775103205606,0.07024492342293231,0.7583863390402363,0.008241757911181757,0.08898061674698197,0.009000157848021662,0.0971685415620668,0.0,0.26666666666666666,0.5166666666666667,0.26666666666666666,-0.6396053942889267,0.006201290763393032,0.43333333333333335,IFO-Slope,1.0,True,IFO-Slope,high,False
图片17_11b78bf64d,True,,lab-v2/som_references/accepted/samples_test/图片17/accepted/samples_test__unknown__unknown__图片17__Series_1__Series_1.csv,图片17,samples_test__unknown__unknown__图片17__Series_1__Series_1,Time,(h),Stabilized output power,(Norm.),1.0,50,1131.1470929831216,13.195846694149822,1144.3429396772715,0.972829842612897,1.0592242921721722,750,0.06087850604509659,0.9815849239105686,0.9398930802753657,-0.04169184363520295,-0.6848368388724774,0.01838190834909803,0.301944143233104,0.06007375198430098,0.9867809821055813,0.011150692447721489,0.18316304344691803,0.0035592582928426486,0.05846494147221811,0.02194116664194068,0.36040908470532207,0.06007375198430098,0.9867809821055813,0.09666666666666666,0.0,0.09666666666666666,0.26666666666666666,0.21065524741570363,-0.1182678051016907,0.38,IFO-Bridge,1.0,True,IFO-Bridge,high,False
图片17_5dc9e03dc9,True,,lab-v2/som_references/accepted/samples_test/图片17/accepted/samples_test__unknown__unknown__图片17__Series_2__Series_2.csv,图片17,samples_test__unknown__unknown__图片17__Series_2__Series_2,Time,(h),Stabilized output power,(Norm.),1.0,51,1154.2317275337978,10.887383239082226,1165.11911077288,0.7597235337000181,1.0189068823778438,750,0.22025713947727188,0.9867904588436157,0.7798353172736104,-0.20695514157000527,-0.9396069614867616,0.013279437251698778,0.0602906097991392,0.22023457882170405,0.9998975712859008,0.0901797558580888,0.4094294335798107,0.07731324459629585,0.3510135688667369,0.00100662902002846,0.004570244680456014,0.13064852599373789,0.5931636373004807,0.0,0.19333333333333333,0.38666666666666666,0.26666666666666666,-0.7003760275279566,-0.18693478916687034,0.7666666666666667,IFO-Slope,1.0,True,IFO-Slope,high,False
图片184_80e88bd7f4,True,,lab-v2/som_references/accepted/samples_test/图片184/accepted/samples_test__unknown__unknown__图片184__OCT-doped__Series_2.csv,图片184,samples_test__unknown__unknown__图片184__OCT-doped__Series_2,Time,( h),PCE,( %),1.0,48,990.6839997767673,9.467125631692284,1000.1511254084596,0.9351683769252296,1.0086795242871829,750,0.06438220201713674,0.998528663927661,0.9365413478517656,-0.06198731607589547,-0.962802049849059,0.001471336072339624,0.022853149259293673,0.0634586521482351,0.9856551991083526,0.037771262637457226,0.5866724258266839,0.0362999265651176,0.5638192765673902,0.0,0.0,0.02568738951077787,0.39898277328166887,0.0,0.26666666666666666,0.26666666666666666,0.26666666666666666,-0.1268463804732028,-0.00850939073611539,0.45666666666666667,IFO-Slope,1.0,True,IFO-Slope,high,False
图片19_6a687a61be,True,,lab-v2/som_references/accepted/samples_test/图片19/accepted/samples_test__unknown__unknown__图片19__SAM__Series_1.csv,图片19,samples_test__unknown__unknown__图片19__SAM__Series_1,Time,(h),Normalized PCE,,1.0,31,988.2561874666287,-3.395445758240669,984.860741708388,0.8421297010513698,0.999968293495628,750,0.1383558066517241,0.9983827070189055,0.8628163067947275,-0.13556640022417799,-0.9798388915141977,0.001617292981095142,0.011689375532797622,0.13718369320527313,0.9915282670469953,0.05723338459559535,0.41366810675077764,0.05561609161450021,0.40197873121798,0.0,0.0,0.07995030860967778,0.5778601602962177,0.0,0.26666666666666666,0.26666666666666666,0.26666666666666666,-0.23392340387566965,-0.09365669838902521,1.0,IFO-Slope,1.0,True,IFO-Slope,high,False
图片203_43b6c7ef6f,True,,lab-v2/som_references/accepted/samples_test/图片203/accepted/samples_test__unknown__unknown__图片203__DMPESI__Series_2.csv,图片203,samples_test__unknown__unknown__图片203__DMPESI__Series_2,Time,(d),Normalized PCE,(%),24.0,46,1571.518115946355,0.0998457485681303,65.57976724633292,0.94265402717165,1.0059603593701674,750,0.04216759613426946,0.9964496896329949,0.9581414382860092,-0.03830825134698568,-0.9084760541009995,0.0035503103670062597,0.08419522791153217,0.04185856171399194,0.9926712820125316,0.0365368302674437,0.8664669940184317,0.03298651990043744,0.7822717661068995,0.0,0.0,0.005321731446548239,0.12620428799409997,0.0,0.26666666666666666,0.26666666666666666,0.26666666666666666,-0.2639954699093319,-0.008918330969929104,0.43666666666666665,IFO-Slope,1.0,True,IFO-Slope,high,False
图片203_d6265391d3,True,,lab-v2/som_references/accepted/samples_test/图片203/accepted/samples_test__unknown__unknown__图片203__0--Control__Series_1.csv,图片203,samples_test__unknown__unknown__图片203__0--Control__Series_1,Time,(d),Normalized PCE,(%),24.0,46,1571.5181159463548,0.3908676218915285,65.87078911965631,0.3813378816781307,0.967976560051057,750,0.25922069040381523,0.9964565901433917,0.7417242642067731,-0.25473232593661865,-0.9826851612029711,0.0035395180308580576,0.013654458003889194,0.2582718439674767,0.9963396192068603,0.1292691644765498,0.49868382140011147,0.12572964644569173,0.4850293633962223,0.0,0.0,0.12900267949092692,0.49765579780674885,0.0,0.26666666666666666,0.26666666666666666,0.26666666666666666,-0.525060980741609,-0.12774128182387048,0.97,IFO-Slope,1.0,True,IFO-Slope,high,False
图片204_956f733ac0,True,,lab-v2/som_references/accepted/samples_test/图片204/accepted/samples_test__unknown__unknown__图片204__Series_1__Series_1.csv,图片204,samples_test__unknown__unknown__图片204__Series_1__Series_1,Time,(h),Normalized Pmax,,1.0,42,987.0616558007978,1.2181884965313827,988.2798442973292,0.7795773329979716,1.0155397567817648,750,0.2075300257690087,0.9924542757613616,0.7929958603007495,-0.19945841546061205,-0.9611063012280413,0.007552606049487598,0.036392835309017046,0.20701102151009965,0.9974991365370584,0.1339723970912009,0.6455566927954747,0.1264197910417133,0.6091638574864576,0.0,0.0,0.07303862441889875,0.3519424437415836,0.0,0.26666666666666666,0.26666666666666666,0.26666666666666666,-0.9375485517885787,-0.057668636173954804,0.7533333333333333,IFO-Slope,1.0,True,IFO-Slope,high,False
图片204_e23dcaaf74,True,,lab-v2/som_references/accepted/samples_test/图片204/accepted/samples_test__unknown__unknown__图片204__Series_2__Series_2.csv,图片204,samples_test__unknown__unknown__图片204__Series_2__Series_2,Time,(h),Normalized Pmax,,1.0,41,987.0616558007976,-3.59674640981396,983.4649093909836,0.9232066344315848,1.005280520965078,750,0.073844159176918,0.9873551958179408,0.9261579770024474,-0.06119721881549345,-0.8287347232009963,0.012635011909974514,0.17110374132235945,0.07383223072546796,0.9998384645233558,0.04469203590145321,0.6052210005449276,0.032057023991478695,0.4341172592225681,0.0,0.0,0.029140194824014753,0.3946174639784282,0.04666666666666667,0.26666666666666666,0.26666666666666666,0.26666666666666666,-0.07190400144858514,2.423972598870223e-14,0.43,IFO-Slope,0.54,True,IFO-Slope,low_review,True
图片205_9ae72871fb,True,,lab-v2/som_references/accepted/samples_test/图片205/accepted/samples_test__unknown__unknown__图片205__Series_1__Series_1.csv,图片205,samples_test__unknown__unknown__图片205__Series_1__Series_1,Time,(h),PCE,(Normalized),1.0,54,1003.8344196702012,-4.682881746365638,999.1515379238356,0.5793394157995296,1.003249506871324,750,0.38661155110695533,0.989098077596083,0.6143454709138533,-0.37475260668222976,-0.9693259438556071,0.010831858502706071,0.028017420772069635,0.38558446518493583,0.9973433646276767,0.27299149903437714,0.7061131470405926,0.26215964053167107,0.678095726268523,0.0,0.0,0.1125929661505587,0.2912302175870841,0.0,0.26666666666666666,0.26666666666666666,0.26666666666666666,-1.8907310920972797,-0.15423368334392007,0.88,IFO-Slope,1.0,True,IFO-Slope,high,False
图片205_b01c2f4a6f,True,,lab-v2/som_references/accepted/samples_test/图片205/accepted/samples_test__unknown__unknown__图片205__Series_2__Series_2.csv,图片205,samples_test__unknown__unknown__图片205__Series_2__Series_2,Time,(h),PCE,(Normalized),1.0,54,1003.8344196702012,-4.682881746365638,999.1515379238356,0.7583236764742871,0.996969357373964,750,0.22212242357463796,0.992901395559512,0.7788063887512034,-0.2140950068083085,-0.963860394474617,0.006992858107335187,0.03148199985754898,0.2210878649156437,0.995342394332166,0.19161431265283402,0.8626518186195076,0.18499911734500607,0.8328700649299478,0.00046918647554961,0.002112287755549152,0.029565075938852048,0.1331026173002184,0.0,0.25666666666666665,0.27,0.26666666666666666,-1.6995782708304505,-0.07663342403063013,0.65,IFO-Slope,1.0,True,IFO-Slope,high,False
图片39_d097bf548c,True,,lab-v2/som_references/accepted/samples_test/图片39/accepted/samples_test__unknown__unknown__图片39__Series_2__Series_2.csv,图片39,samples_test__unknown__unknown__图片39__Series_2__Series_2,Time,(h),PCE,(%),1.0,37,1963.3894378264695,-6.805483297274634,1956.583954529195,18.6946212955531,24.90183588270564,750,0.05524740915707116,0.9984274924856033,0.9452133441264357,-0.0532141483591676,-0.9631971737874098,0.0015725075143976364,0.028463009187035693,0.05478665587356524,0.9916601829744455,0.03046558543211597,0.5514391696722064,0.028893077917718335,0.5229761604851707,0.0,0.0,0.024321070441449266,0.44022101330223906,0.0,0.26666666666666666,0.26666666666666666,0.26666666666666666,-0.15659771935522718,-0.0553888044490187,0.7466666666666667,IFO-Slope,1.0,True,IFO-Slope,high,False
图片39_f87b8b1e9b,True,,lab-v2/som_references/accepted/samples_test/图片39/accepted/samples_test__unknown__unknown__图片39__Series_1__Series_1.csv,图片39,samples_test__unknown__unknown__图片39__Series_1__Series_1,Time,(h),PCE,(%),1.0,37,1963.3894378264695,-6.805483297274634,1956.583954529195,23.29997405376305,25.702766797176935,750,0.03110375367876672,0.9994724747120113,0.9694116877352102,-0.030060786976801035,-0.9664681403814718,0.0005259311027571156,0.01690892707641739,0.03058671807955815,0.9833770674578892,0.008673826094929504,0.27886750211923056,0.008293844724263089,0.2666509261203725,0.0005753100409197076,0.018496482670914687,0.022342252293457654,0.718313696932014,0.043333333333333335,0.24333333333333335,0.41333333333333333,0.26666666666666666,-0.013004090349058087,-0.03675723888558583,0.7133333333333334,IFO-Slope,1.0,True,IFO-Slope,high,False
图片48_8c2ec3e669,True,,lab-v2/som_references/accepted/samples_test/图片48/accepted/samples_test__unknown__unknown__图片48__EtCz3EPA_PTAA_BCP__Series_1.csv,图片48,samples_test__unknown__unknown__图片48__EtCz3EPA_PTAA_BCP__Series_1,Duration,(hours),Efficiency,(%),1.0,42,1845.3625184336338,-2.557184399387097,1842.8053340342467,19.863379904002123,23.350358033099734,750,0.034873668020775295,0.9685330433468113,0.9712971786458277,0.0027641352990163126,0.07926138705482985,0.03146674925221016,0.9023068417541988,0.028702613953193845,0.823045454699369,0.0033697455052607017,0.09662721751131091,0.003406918768565137,0.09769315824580119,0.034873668020775295,1.0,0.028702613953193845,0.823045454699369,0.14666666666666667,0.0,0.14666666666666667,0.26666666666666666,0.31876196285828,-0.044601881186694295,0.5833333333333334,IFO-Bridge,1.0,True,IFO-Bridge,high,False
图片58_1257c313d3,True,,lab-v2/som_references/accepted/samples_test/图片58/accepted/samples_test__unknown__unknown__图片58__Series_2__Series_2.csv,图片58,samples_test__unknown__unknown__图片58__Series_2__Series_2,Time,(h),Normal. PCE,,1.0,38,2328.663753826882,-2.692610944889964,2325.971142881992,0.9455858728891088,1.0047422329429256,750,0.011509134863602721,0.9992399636695598,0.9969640526941982,-0.002275910975361617,-0.19774822367918496,0.0007599163535926268,0.0660272351135478,0.0030358273289542437,0.2637754587927328,0.0078060624100400045,0.6782492778607045,0.007046146056447378,0.6122220427471567,0.0078060624100400045,0.6782492778607045,0.0030358273289542437,0.2637754587927328,0.7,0.26666666666666666,0.7,0.26666666666666666,-0.03764948505170379,-0.006634433767546662,0.49333333333333335,IFO-Valley,0.27,True,IFO-Valley,low_review,True
图片59_310539ca94,True,,lab-v2/som_references/accepted/samples_test/图片59/accepted/samples_test__unknown__unknown__图片59__Target__Series_2.csv,图片59,samples_test__unknown__unknown__图片59__Target__Series_2,Time (h),(h),PCE (Normalized),(Normalized),1.0,44,998.2401077705126,-3.352712019445022,994.8873957510676,0.7603576214710883,0.9949966940993972,750,0.22134047606935714,0.9911012959302944,0.7796723465802362,-0.21142894935005818,-0.9552204508849381,0.00887050730801775,0.040076299940902685,0.22029945665807593,0.9952967508258408,0.18893719672394593,0.8536043659034255,0.1809222941315466,0.8173936251716315,0.0008556047156184077,0.0038655592091087015,0.03136225993413,0.1416923849224153,0.0,0.22666666666666666,0.26666666666666666,0.26666666666666666,-1.616307824470962,-0.07840954667025976,0.6433333333333333,IFO-Slope,1.0,True,IFO-Slope,high,False
图片59_f6d9fd27a4,True,,lab-v2/som_references/accepted/samples_test/图片59/accepted/samples_test__unknown__unknown__图片59__Control__Series_1.csv,图片59,samples_test__unknown__unknown__图片59__Control__Series_1,Time (h),(h),PCE (Normalized),(Normalized),1.0,44,998.2401077705126,-5.674200642167136,992.5659071283455,0.5834166814562982,0.9988432362736316,750,0.3823148648713637,0.9919687367881959,0.6186065754040292,-0.37336216138416667,-0.9765829050612267,0.00798110718386369,0.020875743836298567,0.38134326856803036,0.9974586488975252,0.2693185591293459,0.7044417674420341,0.2613374519454822,0.6835660236057356,0.0,0.0,0.11202470943868448,0.2930168814554911,0.0,0.26666666666666666,0.26666666666666666,0.26666666666666666,-1.8032030885029222,-0.15792483143583808,0.8866666666666667,IFO-Slope,1.0,True,IFO-Slope,high,False
图片62_a6edecddb8,True,,lab-v2/som_references/accepted/samples_test/图片62/accepted/samples_test__unknown__unknown__图片62__Series_2__Series_2.csv,图片62,samples_test__unknown__unknown__图片62__Series_2__Series_2,Time,(h),SPO,(Normalized),1.0,90,1423.402858681986,8.126574967506485,1431.5294336494924,0.8704034972465404,0.9796320079101494,750,0.08994681420901796,0.9953127820315603,0.9314891908262767,-0.06382359120528358,-0.7095703362763982,0.004687217968440183,0.05211099481020027,0.06851080917372376,0.7616813310865984,0.06672649790747587,0.741843927372649,0.062039279939035685,0.6897329325624487,0.00681223623524041,0.07573627031870378,0.008596547501488305,0.09557367403265324,0.0,0.26666666666666666,0.47,0.26666666666666666,-0.5540047404339296,0.005467359346980039,0.45,IFO-Slope,1.0,True,IFO-Slope,high,False
图片63_ccd7968c5f,True,,lab-v2/som_references/accepted/samples_test/图片63/accepted/samples_test__unknown__unknown__图片63__PM6_TDY-a__Series_2.csv,图片63,samples_test__unknown__unknown__图片63__PM6_TDY-a__Series_2,Time,(h),Normalized PCE,,1.0,73,983.8846344941695,5.838942964062312,989.7235774582318,0.8962579609787125,0.9991321855904148,750,0.10047636572557983,0.9937620991853137,0.8995436465188268,-0.09421845266648687,-0.9377175615986697,0.0062478629080279235,0.062182413375619416,0.1004663155745148,0.9998999749742892,0.06024522134718446,0.5995959439031233,0.05399735843915654,0.5374135305275038,0.0,0.0,0.040221094227330334,0.40030403107116586,0.0,0.26666666666666666,0.26666666666666666,0.26666666666666666,-0.30676647779449806,-0.04678477221126991,0.86,IFO-Slope,1.0,True,IFO-Slope,high,False
图片63_e09300d500,True,,lab-v2/som_references/accepted/samples_test/图片63/accepted/samples_test__unknown__unknown__图片63__PM6_TDY-β__Series_3.csv,图片63,samples_test__unknown__unknown__图片63__PM6_TDY-β__Series_3,Time,(h),Normalized PCE,,1.0,74,997.5496988621438,3.105930090467396,1000.6556289526112,0.8857367334616064,0.9979631603107364,750,0.104120038232977,0.9916542684229709,0.8959759954862988,-0.09567827293667208,-0.9189227603104045,0.008337973761332496,0.08008039473319829,0.10401624669800458,0.9990031550436028,0.07391266314211797,0.7098793315531869,0.06557468938078548,0.6297989368199887,0.0,0.0,0.030103583555886604,0.289123823490416,0.0,0.26666666666666666,0.26666666666666666,0.26666666666666666,-0.4465057695507737,-0.013185659477349312,0.7,IFO-Slope,1.0,True,IFO-Slope,high,False
图片71_9c21e81598,True,,lab-v2/som_references/accepted/samples_test/图片71/accepted/samples_test__unknown__unknown__图片71__Control__Series_2.csv,图片71,samples_test__unknown__unknown__图片71__Control__Series_2,Time,(h),Normalized PCE,,1.0,49,789.0591953981544,2.339203564016799,791.3983989621712,0.7826586588954395,1.0004239817055147,750,0.19777767888998266,0.9988640181206327,0.8044254951326786,-0.19443852298795417,-0.9831166190200565,0.0011024197830384885,0.005574035397855635,0.19554094277099265,0.9886906544179123,0.08873314295504531,0.44865094712940123,0.08763072317200682,0.4430769117315456,0.0,0.0,0.10680779981594735,0.5400397072885109,0.0,0.26666666666666666,0.26666666666666666,0.26666666666666666,-0.7644594633010038,-0.2407869287982917,0.66,IFO-Slope,1.0,True,IFO-Slope,high,False
图片71_c5d93d7f57,True,,lab-v2/som_references/accepted/samples_test/图片71/accepted/samples_test__unknown__unknown__图片71__Target__Series_1.csv,图片71,samples_test__unknown__unknown__图片71__Target__Series_1,Time,(h),Normalized PCE,,1.0,29,772.6204621606928,5.626950211509097,778.2474123722019,0.6826043213881077,0.9651106861146916,750,0.2961357994779499,0.9746996535994309,0.8322751284503497,-0.14242452514908122,-0.48094328818115784,0.02533018860889047,0.08553571926644601,0.16775471375797169,0.5664790074476038,0.22086202879811578,0.7458133369469944,0.19553184018922531,0.6602776176805484,0.06375897637691996,0.21530316999605928,0.010651661336775864,0.035968840496668764,0.0,0.26666666666666666,0.7766666666666666,0.26666666666666666,-1.2492261386670638,0.007029538014924328,0.6,IFO-Slope,1.0,True,IFO-Slope,high,False
图片74_5d7058438c,True,,lab-v2/som_references/accepted/samples_test/图片74/accepted/samples_test__unknown__unknown__图片74__Series_3__Series_3.csv,图片74,samples_test__unknown__unknown__图片74__Series_3__Series_3,Time,(h),PCE,(%),1.0,30,1968.5651328077367,-24.05514977803205,1944.5099830297047,23.006290341858232,24.299527670026844,750,0.030499774641434718,0.9998249941276257,0.9696752312308999,-0.030149762896725774,-0.9885241202984679,0.00017500587237517795,0.005737939851444936,0.03032476876910095,0.9942620601499128,0.007401112314025737,0.2426612131084778,0.007226106441650559,0.23692327325703286,0.0,0.0,0.022923656455075214,0.751600847041435,0.0,0.26666666666666666,0.26666666666666666,0.26666666666666666,-0.0209902666828624,-0.02100070468250524,1.0,IFO-Slope,1.0,True,IFO-Slope,high,False
图片75_9ce42888b8,True,,lab-v2/som_references/accepted/samples_test/图片75/accepted/samples_test__unknown__unknown__图片75__SnOx-based_device_(unencapsulated)__Series_1.csv,图片75,samples_test__unknown__unknown__图片75__SnOx-based_device_(unencapsulated)__Series_1,Storage time,(h),Normalized PCE,,1.0,54,1000.5514869950623,5.411100384789734,1005.962587379852,0.9716301260028736,1.003622288203874,750,0.02683499157906788,0.9992732258038353,0.9734412299440413,-0.02583199585979401,-0.9626235873293049,0.0007253394173016847,0.02702961225698583,0.026557335277095695,0.9896531995862907,0.010289634635556766,0.3834409489281524,0.009566086858355138,0.35647810174149563,0.0002843204998872473,0.010595140268612047,0.01655022950132612,0.6167406258564213,0.04,0.23,0.67,0.26666666666666666,-0.05035160115749482,-0.05170291194159318,0.5166666666666667,IFO-Slope,1.0,True,IFO-Slope,high,False
图片75_f438d34951,True,,lab-v2/som_references/accepted/samples_test/图片75/accepted/samples_test__unknown__unknown__图片75__Ceo-based_device(encapsulated)__Series_2.csv,图片75,samples_test__unknown__unknown__图片75__Ceo-based_device(encapsulated)__Series_2,Storage time,(h),Normalized PCE,,1.0,54,1000.5514869950622,-4.028064586861802,996.5234224082004,0.8386100831671337,1.0002546921827162,750,0.14111012504216036,0.9977957374167774,0.8591419989984278,-0.1386537384183496,-0.9825924140944752,0.002178654616246445,0.015439392570841494,0.14083239303459605,0.9980318066653167,0.09925358165864628,0.703376753645365,0.09707492704239984,0.6879373610745235,0.0,0.0,0.041578811375949765,0.2946550530199516,0.0,0.26666666666666666,0.26666666666666666,0.26666666666666666,-0.6997382258717132,-0.07129920127770983,0.9733333333333334,IFO-Slope,1.0,True,IFO-Slope,high,False
图片87_1c26b92a11,True,,lab-v2/som_references/accepted/samples_test/图片87/accepted/samples_test__unknown__unknown__图片87__Series_2__Series_2.csv,图片87,samples_test__unknown__unknown__图片87__Series_2__Series_2,Time,(h),Normalized PCE,,1.0,41,1033.8789097239076,10.904125140323629,1044.7830348642312,0.7380845833696407,0.9809668517879648,750,0.18211563776586726,0.9994123617864208,0.8199219221876194,-0.1794904395988014,-0.9855849931435274,0.0005783205980772754,0.0031755680356278897,0.18006876019687867,0.9887605611791553,0.07832147821070035,0.43006454125258886,0.07774315761262307,0.42688897321696095,0.0,0.0,0.10174728198617833,0.5586960199265665,0.0,0.26666666666666666,0.26666666666666666,0.26666666666666666,-0.21609056696892442,-0.0801924864211833,0.79,IFO-Slope,1.0,True,IFO-Slope,high,False
图片87_1dae4b0735,True,,lab-v2/som_references/accepted/samples_test/图片87/accepted/samples_test__unknown__unknown__图片87__Series_1__Series_1.csv,图片87,samples_test__unknown__unknown__图片87__Series_1__Series_1,Time,(h),Normalized PCE,,1.0,41,1033.8789097239076,8.319427866013882,1042.1983375899215,0.9809668517879648,1.0038019368529354,750,0.018963531112142995,0.9978608352610784,0.9835145848152035,-0.014346250445874897,-0.7565178848304526,0.0021528238514313403,0.1135244189861251,0.016499074297306238,0.8700423038165777,0.018814382425447862,0.9921349728690756,0.016810707260711655,0.8864755810138749,0.004537787096120516,0.23929019702532173,0.0020733302812837584,0.10933250084189934,0.0,0.25666666666666665,0.4166666666666667,0.26666666666666666,-0.04329551484713174,-0.004679607165714788,0.25333333333333335,IFO-Slope,1.0,True,IFO-Slope,high,False
图片88_42cc027bcd,True,,lab-v2/som_references/accepted/samples_test/图片88/accepted/samples_test__unknown__unknown__图片88__Series_1__Series_1.csv,图片88,samples_test__unknown__unknown__图片88__Series_1__Series_1,Time,(hours),Normalized PCE,,1.0,63,989.9325475330139,2.1691588929524954,992.1017064259664,0.6253562306311766,1.005838275459887,750,0.30248187921892666,0.9986121118348024,0.6992566315924139,-0.29935548024238845,-0.9896641776207843,0.0013878881651985253,0.004588334907143368,0.300743368407587,0.9942525125279277,0.08930944017950615,0.295255505586392,0.08792155201430762,0.29066717067924863,0.0,0.0,0.21143392822808083,0.6989970069415357,0.0,0.26666666666666666,0.26666666666666666,0.26666666666666666,-0.2783343631920348,-0.23929785565638345,0.97,IFO-Slope,1.0,True,IFO-Slope,high,False
图片88_becac536eb,True,,lab-v2/som_references/accepted/samples_test/图片88/accepted/samples_test__unknown__unknown__图片88__Series_2__Series_2.csv,图片88,samples_test__unknown__unknown__图片88__Series_2__Series_2,Time,(hours),Normalized PCE,,1.0,63,989.9325475330141,5.362489691446086,995.2950372244602,0.9968857567580348,1.010314534810813,750,0.009439769492215366,0.9998217592151534,0.9905902732976076,-0.009231485917545745,-0.9779355232305847,0.00017737234041392824,0.01878990165598861,0.009408858257959674,0.9967254248865733,0.004980750438377757,0.5276347523618241,0.0048189681444170684,0.5104963790049212,4.595552362418598e-05,0.004868288750279742,0.004458473296752863,0.47230743297594324,0.01,0.04666666666666667,0.5933333333333334,0.26666666666666666,-0.06117685513132496,-0.003572956702959972,0.12333333333333334,IFO-Slope,1.0,True,IFO-Slope,high,False
图片88_fe602bba7f,True,,lab-v2/som_references/accepted/samples_test/图片88/accepted/samples_test__unknown__unknown__图片88__Series_3__Series_3.csv,图片88,samples_test__unknown__unknown__图片88__Series_3__Series_3,Time,(hours),Normalized PCE,,1.0,63,989.9325475330141,5.362489691446086,995.2950372244602,0.9565994225997008,1.005838275459887,750,0.04506328406054916,0.9998205010818285,0.954965995312485,-0.04485450576934347,-0.9953669978662637,0.00017862661106915478,0.003963905755939661,0.04503313238041262,0.9993309036222033,0.013844618847966284,0.3072261406728369,0.014015202628226864,0.3110115678518986,0.0005499428293048725,0.012203789421249089,0.031389245970421475,0.6965592194356142,0.01,0.26,0.2733333333333333,0.26666666666666666,-0.1020034832463827,-0.0589228032776507,0.30666666666666664,IFO-Slope,1.0,True,IFO-Slope,high,False
图片89_0951cf1bdf,True,,lab-v2/som_references/accepted/samples_test/图片89/accepted/samples_test__unknown__unknown__图片89__PTAA_BCP__Series_3.csv,图片89,samples_test__unknown__unknown__图片89__PTAA_BCP__Series_3,Durations (hours),(hours),Efficiency (%),(%),1.0,49,1002.7522677989435,0.266732141899638,1003.0189999408432,21.46712193041974,22.083677804815338,750,0.028228594579793875,0.9886884964077719,0.9729532014712422,-0.015735294936529698,-0.5574239586051895,0.01130790800267012,0.40058345698741793,0.027043202939199817,0.9580074155926075,0.009557203647574397,0.3385646288751292,0.00020739439756300992,0.007346961499509563,0.01151530240023313,0.4079304184869275,0.027043202939199817,0.9580074155926075,0.15,0.013333333333333334,0.15,0.26666666666666666,0.09683158931131054,-0.04969067097383134,0.44333333333333336,IFO-Hill,1.0,True,IFO-Hill,high,False
图片89_b4f2cac963,True,,lab-v2/som_references/accepted/samples_test/图片89/accepted/samples_test__unknown__unknown__图片89__EtCz3EPA_PTAA_BCP__Series_1.csv,图片89,samples_test__unknown__unknown__图片89__EtCz3EPA_PTAA_BCP__Series_1,Durations (hours),(hours),Efficiency (%),(%),1.0,49,1002.7522677989435,-1.8223350826815192,1000.929932716262,20.423719681442577,20.803138681070635,750,0.011846971870428935,0.9955449186454745,0.9884339885199505,-0.007110930125523995,-0.6002318738743265,0.004451573467191161,0.37575622833229416,0.011562503592715156,0.9759881022066208,0.0023287414360739778,0.19656849543862914,0.004999625860544699,0.42201719690279643,0.00945119932773586,0.7977734252350906,0.011562503592715156,0.9759881022066208,0.7133333333333334,0.09333333333333334,0.7133333333333334,0.26666666666666666,-0.06492678127044149,-0.04441758762894743,0.47,IFO-Valley,1.0,True,IFO-Valley,high,False
图片90_69887e1835,True,,lab-v2/som_references/accepted/samples_test/图片90/accepted/samples_test__unknown__unknown__图片90__Series_1__Series_1.csv,图片90,samples_test__unknown__unknown__图片90__Series_1__Series_1,Damp heat hour,,Normalized efficiency,,1.0,27,1781.270435697606,-11.632577602266906,1769.637858095339,1.001456167432602,1.082347738593771,750,0.07661255699401215,0.9575888814713619,0.9238897374098981,-0.03369914406146379,-0.4398644998116645,0.04241111195119451,0.5535791209071544,0.0761102560126583,0.993443620718819,0.007280952678106689,0.09503602234129518,0.006393288414946574,0.08344961538676039,0.04880440036614109,0.6370287362939149,0.0761102560126583,0.993443620718819,0.13666666666666666,0.0,0.13666666666666666,0.26666666666666666,0.5109751631157308,-0.025466380209691875,0.7233333333333334,IFO-Bridge,1.0,True,IFO-Bridge,high,False
