sample_id,reason
10.1002/advs.202004662|Fig5_A_stability_performance_curve_pce|10.1002_advs.202004662__Fig5__A__stability_performance_curve_pce__pristine_TiO₂__Series_2,"too few unique time points (3) in [0,200]h"
10.1002/aenm.202000967|Fig4_A_stability_performance_curve_pce|10.1002_aenm.202000967__Fig4__A__stability_performance_curve_pce__MAPbI₃₋yClᵧ-Cu_NiO__Series_2,"too few unique time points (2) in [0,200]h"
10.1002/aenm.202000967|Fig4_A_stability_performance_curve_pce|10.1002_aenm.202000967__Fig4__A__stability_performance_curve_pce__MAPbI₃₋yClᵧ__Series_3,"too few unique time points (2) in [0,200]h"
10.1002/pip.3352|Fig6_H_stability_performance_curve|10.1002_pip.3352__Fig6__H__stability_performance_curve__Control__Series_2,"too few unique time points (2) in [0,200]h"
"10.1016/j.apsusc.2017.02.057|Fig4_D_stability_performance_curve_pce|10.1016_j.apsusc.2017.02.057__Fig4__D__stability_performance_curve_pce__c-Pbl,based__Series_2",curve spans only 124.901 h (< 200 h)
10.1016/j.cej.2020.125010|Fig6_A_stability_performance_curve_pce|10.1016_j.cej.2020.125010__Fig6__A__stability_performance_curve_pce__Reference_PSCs__Series_1,"too few unique time points (3) in [0,200]h"
10.1016/j.electacta.2017.07.040|Fig8_whole_stability_performance_curve_pce|10.1016_j.electacta.2017.07.040__Fig8__whole__stability_performance_curve_pce__MAPbI_3__Series_3,curve spans only 192.682 h (< 200 h)
10.1016/j.jechem.2020.03.082|Fig4_D_ff|10.1016_j.jechem.2020.03.082__Fig4__D__ff__Uncoated_PSCs__Series_1,"too few unique time points (3) in [0,200]h"
10.1016/j.jpowsour.2019.227216|Fig6_A_stability_performance_curve_pce|10.1016_j.jpowsour.2019.227216__Fig6__A__stability_performance_curve_pce__CH₃NH₃PbI₃_w_o_tBP__Series_1,curve spans only 192.213 h (< 200 h)
10.1016/j.matt.2019.04.001|Fig5_E_stability_performance_curve_pce|10.1016_j.matt.2019.04.001__Fig5__E__stability_performance_curve_pce__c-TiO₂__Series_2,"too few unique time points (3) in [0,200]h"
10.1016/j.solmat.2019.110289|Fig4_A_jv_curve_stability_performance_pce_ff|10.1016_j.solmat.2019.110289__Fig4__A__jv_curve_stability_performance_pce_ff__ALD-Al₂O3encapsulation__Series_1,"too few unique time points (2) in [0,200]h"
10.1016/j.solmat.2019.110289|Fig4_A_jv_curve_stability_performance_pce_ff|10.1016_j.solmat.2019.110289__Fig4__A__jv_curve_stability_performance_pce_ff__No_encapsulation__Series_2,"too few unique time points (2) in [0,200]h"
10.1021/acs.nanolett.9b02142|Fig1_C_stability_performance_curve_voc|10.1021_acs.nanolett.9b02142__Fig1__C__stability_performance_curve_voc__Control-HP__Series_2,"too few unique time points (3) in [0,200]h"
10.1021/acs.nanolett.9b02142|Fig1_C_stability_performance_curve_voc|10.1021_acs.nanolett.9b02142__Fig1__C__stability_performance_curve_voc__LD-HP__Series_1,"too few unique time points (3) in [0,200]h"
10.1021/acs.nanolett.9b02142|Fig1_D_stability_performance_curve_pce|10.1021_acs.nanolett.9b02142__Fig1__D__stability_performance_curve_pce__Control-HP__Series_1,"too few unique time points (3) in [0,200]h"
10.1021/acs.nanolett.9b02142|Fig1_D_stability_performance_curve_pce|10.1021_acs.nanolett.9b02142__Fig1__D__stability_performance_curve_pce__LD-HP__Series_2,"too few unique time points (3) in [0,200]h"
10.1021/acsomega.0c03184|Fig3_C_stability_performance_curve|10.1021_acsomega.0c03184__Fig3__C__stability_performance_curve__AZO-IV__Series_3,"too few unique time points (3) in [0,200]h"
10.1039/c8tc01345d|Fig5_whole_pce|10.1039_c8tc01345d__Fig5__whole__pce__H2__Series_2,"too few unique time points (2) in [0,200]h"
10.1039/d2ta02588d|Fig4_A_stability_performance_curve_pce|10.1039_d2ta02588d__Fig4__A__stability_performance_curve_pce__F4-TCNQ__Series_2,"too few unique time points (2) in [0,200]h"
10.1039/d2ta02588d|Fig4_A_stability_performance_curve_pce|10.1039_d2ta02588d__Fig4__A__stability_performance_curve_pce__tBP_LiTFSI_FK2091.2__Series_3,"too few unique time points (1) in [0,200]h"
10.1039/d2ta02588d|Fig4_A_stability_performance_curve_pce|10.1039_d2ta02588d__Fig4__A__stability_performance_curve_pce__tBP_LiTFSI__Series_1,"too few unique time points (2) in [0,200]h"
10.1002/adem.202000990|Fig5_C_jv_curve_stability_performance_pce|10.1002_adem.202000990__Fig5__C__jv_curve_stability_performance_pce__Pero@Pbl2-70°C__Series_3,curve spans only 120.469 h (< 200 h)
10.1002/adfm.201807850|Fig7_F_stability_performance_curve_pce|10.1002_adfm.201807850__Fig7__F__stability_performance_curve_pce__w_o_NbF₅__Series_2,curve spans only 58.050 h (< 200 h)
10.1002/anie.202301234|Fig3_E_stability_performance_curve|10.1002_anie.202301234__Fig3__E__stability_performance_curve__Control__Series_3,"too few unique time points (3) in [0,200]h"
10.1002/smll.202101380|Fig5_H_stability_performance_curve_pce|10.1002_smll.202101380__Fig5__H__stability_performance_curve_pce__CsPbo.5Sn0.45l2Br__Series_1,curve spans only 143.776 h (< 200 h)
10.1002/smtd.201900652|Fig5_E_stability_performance_curve_pce|10.1002_smtd.201900652__Fig5__E__stability_performance_curve_pce__150℃__Series_1,curve spans only 151.141 h (< 200 h)
10.1002/smtd.202100856|Fig5_E_stability_performance_curve_pce|10.1002_smtd.202100856__Fig5__E__stability_performance_curve_pce__TiO2，PCEinitial=20.56%__Series_1,"too few unique time points (3) in [0,200]h"
10.1002/solr.201900167|Fig4_D_stability_performance_curve|10.1002_solr.201900167__Fig4__D__stability_performance_curve__M&C-TiO₂__Series_2,curve spans only 44.952 h (< 200 h)
10.1002/solr.201900406|Fig5_E_stability_performance_curve_pce|10.1002_solr.201900406__Fig5__E__stability_performance_curve_pce__pristine__Series_1,curve spans only 188.937 h (< 200 h)
10.1002/solr.202000621|Fig6_B_stability_performance_curve_pce|10.1002_solr.202000621__Fig6__B__stability_performance_curve_pce__MAPblz-BA__Series_2,curve spans only 187.602 h (< 200 h)
10.1002/solr.202000621|Fig6_B_stability_performance_curve_pce|10.1002_solr.202000621__Fig6__B__stability_performance_curve_pce__MAPblz-BP__Series_1,curve spans only 142.438 h (< 200 h)
10.1002/solr.202100320|Fig7_F_stability_performance_curve_pce_pattern|10.1002_solr.202100320__Fig7__F__stability_performance_curve_pce_pattern__With_4F-PHCl__Series_2,curve spans only 156.586 h (< 200 h)
10.1016/j.cej.2021.130841|Fig7_A_stability_performance_curve_pce|10.1016_j.cej.2021.130841__Fig7__A__stability_performance_curve_pce__Without_additive__Series_2,"too few unique time points (2) in [0,200]h"
10.1016/j.jechem.2018.01.020|Fig3_D_stability_performance_curve_jsc|10.1016_j.jechem.2018.01.020__Fig3__D__stability_performance_curve_jsc__Dyesol_TiO2__Series_2,"too few unique time points (3) in [0,200]h"
10.1016/j.jechem.2020.08.055|Fig4_A_stability_performance_curve|10.1016_j.jechem.2020.08.055__Fig4__A__stability_performance_curve__FA-0__Series_1,"too few unique time points (3) in [0,200]h"
10.1016/j.joule.2018.11.026|Fig6_A_stability_performance_curve_pce|10.1016_j.joule.2018.11.026__Fig6__A__stability_performance_curve_pce__(PA)₂(MA)₃Pb₄I₁₃__Series_2,"too few unique time points (3) in [0,200]h"
10.1016/j.joule.2018.11.026|Fig6_A_stability_performance_curve_pce|10.1016_j.joule.2018.11.026__Fig6__A__stability_performance_curve_pce__MAPbI₃__Series_3,"too few unique time points (3) in [0,200]h"
10.1016/j.nanoen.2020.104859|Fig5_A_pce|10.1016_j.nanoen.2020.104859__Fig5__A__pce__DeviceB__Series_1,"too few unique time points (3) in [0,200]h"
10.1016/j.nanoen.2020.104859|Fig5_A_pce|10.1016_j.nanoen.2020.104859__Fig5__A__pce__Device_A__Series_2,"too few unique time points (3) in [0,200]h"
10.1016/j.nanoen.2020.105731|Fig5_F_stability_performance_curve_pce|10.1016_j.nanoen.2020.105731__Fig5__F__stability_performance_curve_pce__control__Series_2,"too few unique time points (3) in [0,200]h"
10.1016/j.nanoen.2021.105742|Fig5_B_stability_performance_curve_pce|10.1016_j.nanoen.2021.105742__Fig5__B__stability_performance_curve_pce__CsFAMA__Series_1,"too few unique time points (3) in [0,200]h"
10.1016/j.nanoen.2022.107818|Fig5_F_stability_performance_curve|10.1016_j.nanoen.2022.107818__Fig5__F__stability_performance_curve__Control__Series_1,"too few unique time points (3) in [0,200]h"
10.1016/j.solmat.2019.110297|Fig6_F_stability_performance_curve_pce|10.1016_j.solmat.2019.110297__Fig6__F__stability_performance_curve_pce__Au_NSs__Series_2,curve spans only 196.528 h (< 200 h)
10.1021/acs.chemmater.1c00662|Fig4_B_stability_performance_curve_pce|10.1021_acs.chemmater.1c00662__Fig4__B__stability_performance_curve_pce__PCBM_ZnO__Series_2,curve spans only 163.150 h (< 200 h)
10.1021/acsami.0c17141|Fig6_B_stability_performance_curve_pce|10.1021_acsami.0c17141__Fig6__B__stability_performance_curve_pce__reference_Ag_electrode__Series_4,curve spans only 173.296 h (< 200 h)
10.1021/jacs.1c02118|Fig5_D_stability_performance_curve|10.1021_jacs.1c02118__Fig5__D__stability_performance_curve__Ag-b1__Series_3,"too few unique time points (3) in [0,200]h"
10.1021/jacs.1c02118|Fig5_D_stability_performance_curve|10.1021_jacs.1c02118__Fig5__D__stability_performance_curve__Ag__Series_4,"too few unique time points (3) in [0,200]h"
10.1021/jacs.6b10227|Fig3_C_jv_curve_stability_performance_photovoltaic_parameter|10.1021_jacs.6b10227__Fig3__C__jv_curve_stability_performance_photovoltaic_parameter__MAPbI₃_carbon__Series_2,"too few unique time points (3) in [0,200]h"
10.1021/jacs.6b10227|Fig3_C_jv_curve_stability_performance_photovoltaic_parameter|10.1021_jacs.6b10227__Fig3__C__jv_curve_stability_performance_photovoltaic_parameter__MAPbI₃_spiro-MeOTAD__Series_3,"too few unique time points (3) in [0,200]h"
10.1021/jacs.7b13229|Fig3_D_stability_performance_curve_pce_jsc|10.1021_jacs.7b13229__Fig3__D__stability_performance_curve_pce_jsc__Organic-inorganic_PSCs__Series_2,curve spans only 196.160 h (< 200 h)
10.1038/s41560-019-0382-6|Fig5_C_mppt_stability_performance_curve|10.1038_s41560-019-0382-6__Fig5__C__mppt_stability_performance_curve__CsFAMA-F__Series_2,"too few unique time points (3) in [0,200]h"
10.1038/s41560-019-0382-6|Fig5_C_mppt_stability_performance_curve|10.1038_s41560-019-0382-6__Fig5__C__mppt_stability_performance_curve__CsFAMA__Series_1,"too few unique time points (3) in [0,200]h"
10.1038/s41560-020-00721-5|Fig4_E_mppt_stability_performance_curve_jsc|10.1038_s41560-020-00721-5__Fig4__E__mppt_stability_performance_curve_jsc__MQWs__Series_1,"too few unique time points (3) in [0,200]h"
10.1039/c5ta09080f|Fig6_C_stability_performance_curve_pce_profile|10.1039_c5ta09080f__Fig6__C__stability_performance_curve_pce_profile__Operating_stability__Series_2,curve spans only 120.941 h (< 200 h)
10.1039/c8se00450a|Fig5_D_pce|10.1039_c8se00450a__Fig5__D__pce__CusCN_Carbon__Series_1,"too few unique time points (2) in [0,200]h"
10.1039/d4ta03516j|Fig6_E_stability_performance_curve|10.1039_d4ta03516j__Fig6__E__stability_performance_curve__Control__Series_2,"too few unique time points (3) in [0,200]h"
10.1039/d4ta08040h|Fig4_A_mppt_stability_performance_curve_pce_image|10.1039_d4ta08040h__Fig4__A__mppt_stability_performance_curve_pce_image__ea__Series_1,"too few unique time points (3) in [0,200]h"
10.1039/d5ee02619a|Fig5_C_stability_performance_curve|10.1039_d5ee02619a__Fig5__C__stability_performance_curve__Control__Series_1,"too few unique time points (3) in [0,200]h"
10.1126/sciadv.adl2063|Fig3_I_eis_plot_stability_performance_curve_voc|10.1126_sciadv.adl2063__Fig3__I__eis_plot_stability_performance_curve_voc__PEDOT_PSS__Series_2,"too few unique time points (3) in [0,200]h"
10.1021/acsenergylett.7b00202|Fig10_E_stability_performance_curve_pce|10.1021_acsenergylett.7b00202__Fig10__E__stability_performance_curve_pce__MASnl3'3__Series_2,"too few unique time points (3) in [0,200]h"
10.1021/acsenergylett.7b00202|Fig10_E_stability_performance_curve_pce|10.1021_acsenergylett.7b00202__Fig10__E__stability_performance_curve_pce__Sn413$__Series_1,"too few unique time points (3) in [0,200]h"
