kept_index,curve_id
0,0
1,1
2,2
3,3
4,4
5,5
6,6
7,7
8,8
9,9
10,10
11,11
12,12
13,13
14,14
15,15
16,16
17,17
18,18
19,19
20,20
21,21
22,22
23,23
24,24
25,25
26,26
27,27
28,28
29,29
30,30
31,31
32,32
33,33
34,34
35,35
36,36
37,37
38,38
39,39
40,40
41,41
42,42
43,43
44,44
45,45
46,46
47,47
48,48
49,49
50,50
51,51
52,52
53,53
54,54
55,55
56,56
57,57
58,58
59,59
60,62
61,63
62,64
63,65
64,66
65,67
66,68
67,69
68,70
69,71
70,72
71,73
72,74
73,75
74,76
75,77
76,78
77,79
78,80
79,81
80,82
81,83
82,84
83,85
84,86
85,87
86,88
87,89
88,90
89,91
90,92
91,93
92,94
93,95
94,96
95,97
96,98
97,99
98,101
99,102
100,103
101,104
102,105
103,106
104,107
105,108
106,109
107,110
108,111
109,112
110,113
111,114
112,115
113,116
114,117
115,118
116,119
117,120
118,121
119,122
120,123
121,124
122,125
123,126
124,127
125,128
126,129
127,130
128,131
129,132
130,133
131,134
132,135
133,136
134,137
135,138
136,139
137,140
138,141
139,142
140,143
141,144
142,145
143,146
144,147
145,148
146,149
147,150
148,151
149,152
150,153
151,154
152,155
153,156
154,157
155,158
156,159
157,160
158,161
159,162
160,163
161,164
162,165
163,166
164,167
165,168
166,169
167,170
168,171
169,172
170,173
171,174
172,175
173,176
174,177
175,178
176,179
177,180
178,181
179,182
180,183
181,184
182,185
183,186
184,187
185,188
186,189
187,190
188,191
189,192
190,193
191,194
192,195
193,196
194,197
195,198
196,199
197,200
198,201
199,202
200,203
201,204
202,205
203,206
204,207
205,208
206,209
207,210
208,211
209,212
210,213
211,214
212,215
213,216
214,217
215,218
216,219
217,220
218,221
219,222
220,223
221,224
222,225
223,226
224,227
225,228
226,229
227,230
228,231
229,232
230,233
231,234
232,235
233,236
234,237
235,238
236,239
237,240
238,241
239,242
240,243
241,244
242,245
243,246
244,247
245,248
246,249
247,250
248,251
249,252
250,253
251,254
252,255
253,256
254,257
255,258
256,259
257,260
258,261
259,263
260,264
261,265
262,266
263,267
264,268
265,269
266,270
267,271
268,272
269,273
270,274
271,275
272,276
273,277
274,278
275,279
276,280
277,281
278,282
279,283
280,284
281,285
282,286
283,288
284,289
285,290
286,291
287,292
288,293
289,294
290,295
291,296
292,297
293,298
294,299
295,300
296,301
297,302
298,303
299,304
300,305
301,306
302,307
303,308
304,309
305,310
306,311
307,312
308,313
309,314
310,315
311,316
312,317
313,318
314,319
315,320
316,321
317,322
318,323
319,324
320,325
321,326
322,327
323,328
324,329
325,330
326,331
327,332
328,333
329,334
330,335
331,336
332,337
333,338
334,339
335,340
336,341
337,342
338,343
339,344
340,345
341,346
342,347
343,348
344,349
345,350
346,351
347,352
348,353
349,354
350,355
351,356
352,357
353,358
354,359
355,360
356,363
357,364
358,365
359,366
360,367
361,368
362,369
363,370
364,371
365,372
366,373
367,374
368,375
369,376
370,377
371,378
372,379
373,380
374,382
375,383
376,384
377,385
378,386
379,387
380,392
381,393
382,394
383,395
384,396
385,397
386,398
387,399
388,400
389,401
390,402
391,403
392,404
393,405
394,406
395,407
396,408
397,409
398,410
399,411
400,412
401,413
402,414
403,415
404,416
405,417
406,418
407,419
408,420
409,421
410,422
411,423
412,424
413,425
414,426
415,427
416,428
417,429
418,430
419,431
420,432
421,433
422,434
423,435
424,436
425,437
426,438
427,439
428,440
429,441
430,442
431,443
432,444
433,445
434,446
435,447
436,448
437,449
438,450
439,451
440,452
441,453
442,454
443,455
444,456
445,457
446,458
447,459
448,460
449,461
450,462
451,463
452,464
453,465
454,466
455,467
456,468
457,470
458,471
459,472
460,473
461,474
462,475
463,476
464,477
465,478
466,479
467,480
468,481
469,482
470,483
471,484
472,485
473,486
474,487
475,488
476,489
477,490
478,491
479,492
480,493
481,494
482,495
483,496
484,497
485,498
486,499
487,500
488,501
489,502
490,503
491,504
492,505
493,506
494,507
495,508
496,509
497,510
498,511
499,512
500,513
501,514
502,515
503,516
504,517
505,518
506,519
507,520
508,521
509,523
510,524
511,525
512,526
513,527
514,528
515,529
516,530
517,531
518,532
519,533
520,534
521,535
522,536
523,537
524,538
525,539
526,540
527,541
528,542
529,543
530,544
531,545
532,546
533,547
534,548
535,549
536,550
537,551
538,552
539,553
540,554
541,555
542,556
543,557
544,558
545,559
546,560
547,561
548,562
549,563
550,564
551,565
552,566
553,567
554,568
555,569
556,570
557,571
558,572
559,573
560,574
561,575
562,576
563,577
564,578
565,579
566,580
567,581
568,582
569,586
570,587
571,588
572,589
573,590
574,591
575,592
576,593
577,594
578,595
579,596
580,597
581,598
582,599
583,600
584,601
585,602
586,603
587,604
588,605
589,606
590,607
591,608
592,609
593,610
594,611
595,612
596,613
597,614
598,615
599,616
600,617
601,618
602,619
603,620
604,621
605,622
606,623
607,624
608,625
609,626
610,627
611,628
612,629
613,630
614,631
615,632
616,633
617,634
618,635
619,636
620,637
621,638
622,639
623,640
624,641
625,642
626,643
627,644
628,645
629,646
630,647
631,648
632,649
633,650
634,651
635,652
636,653
637,654
638,655
639,656
640,657
641,658
642,659
643,660
644,661
645,662
646,663
647,664
648,665
649,666
650,667
651,668
652,669
653,670
654,671
655,672
656,673
657,674
658,675
659,676
660,677
661,678
662,679
663,680
664,681
665,682
666,683
667,684
668,685
669,686
670,687
671,688
672,689
673,690
674,691
675,692
676,693
677,694
678,695
679,696
680,697
681,698
682,699
683,700
684,701
685,702
686,703
687,704
688,705
689,706
690,707
691,708
692,709
693,710
694,711
695,712
696,713
697,714
698,715
699,716
700,717
701,718
702,719
703,720
704,721
705,722
706,723
707,724
708,725
709,726
710,727
711,728
712,729
713,730
714,731
715,732
716,733
717,734
718,735
719,736
720,737
721,738
722,739
723,740
724,741
725,742
726,743
727,744
728,745
729,746
730,747
731,748
732,749
733,750
734,751
735,752
736,753
737,754
738,755
739,756
740,757
741,758
742,759
743,760
744,761
745,762
746,763
747,764
748,765
749,766
750,767
751,768
752,769
753,770
754,771
755,772
756,773
757,774
758,775
759,776
760,777
761,778
762,779
763,780
764,781
765,782
766,783
767,784
768,785
769,786
770,787
771,788
772,789
773,790
774,791
775,792
776,793
777,794
778,795
779,796
780,797
781,798
782,799
783,800
784,801
785,802
786,803
787,804
788,805
789,806
790,807
791,808
792,809
793,810
794,811
795,812
796,813
797,814
798,815
799,816
800,818
801,820
802,821
803,822
804,823
805,824
806,825
807,826
808,827
809,828
810,829
811,830
812,831
813,832
814,833
815,834
816,835
817,836
818,837
819,838
820,839
821,840
822,841
823,842
824,843
825,844
826,845
827,846
828,847
829,848
830,849
831,850
832,851
833,852
834,853
835,854
836,855
837,856
838,857
839,858
840,859
841,860
842,861
843,862
844,863
845,864
846,865
847,866
848,867
849,868
850,869
851,870
852,871
853,872
854,873
855,874
856,875
857,876
858,877
859,878
860,879
861,880
862,881
863,882
864,883
865,884
866,885
867,886
868,887
869,888
870,889
871,890
872,891
873,892
874,893
875,894
876,895
877,896
878,897
879,898
880,899
881,900
882,901
883,902
884,903
885,904
886,905
887,906
888,907
889,908
890,909
891,910
892,911
893,912
894,913
895,914
896,915
897,916
898,917
899,918
900,919
901,920
902,921
903,922
904,923
905,924
906,925
907,926
908,927
909,928
910,929
911,930
912,931
913,932
914,933
915,934
916,935
917,936
918,937
919,938
920,939
921,940
922,941
923,942
924,943
925,944
926,945
927,946
928,947
929,948
930,949
931,950
932,951
933,952
934,953
935,954
936,955
937,956
938,957
939,958
940,959
941,960
942,961
943,962
944,963
945,964
946,965
947,966
948,967
949,968
950,969
951,970
952,971
953,972
954,973
955,974
956,975
957,976
958,977
959,978
960,979
961,980
962,981
963,982
964,983
965,984
966,985
967,986
968,987
969,988
970,989
971,990
972,991
973,992
974,993
975,994
976,995
977,996
978,997
979,998
980,999
981,1001
982,1002
983,1003
984,1004
985,1005
986,1006
987,1007
988,1008
989,1009
990,1010
991,1011
992,1012
993,1013
994,1014
995,1015
996,1016
997,1017
998,1018
999,1019
1000,1020
1001,1021
1002,1022
1003,1023
1004,1024
1005,1025
1006,1026
1007,1027
1008,1028
1009,1029
1010,1030
1011,1031
1012,1032
1013,1033
1014,1034
1015,1035
1016,1036
1017,1037
1018,1038
1019,1039
1020,1040
1021,1041
1022,1042
1023,1043
1024,1044
1025,1045
1026,1046
1027,1048
1028,1049
1029,1050
1030,1051
1031,1052
1032,1053
1033,1054
1034,1055
1035,1056
1036,1057
1037,1058
1038,1059
1039,1060
1040,1061
1041,1062
1042,1063
1043,1064
1044,1065
1045,1066
1046,1067
1047,1068
1048,1069
1049,1070
1050,1073
1051,1074
1052,1075
1053,1076
1054,1077
1055,1078
1056,1079
1057,1080
1058,1081
1059,1082
1060,1083
1061,1084
1062,1085
1063,1086
1064,1087
1065,1088
1066,1089
1067,1090
1068,1091
1069,1092
1070,1093
1071,1094
1072,1095
1073,1096
1074,1097
1075,1098
1076,1099
1077,1100
1078,1101
1079,1102
1080,1103
1081,1104
1082,1105
1083,1106
1084,1107
1085,1108
1086,1109
1087,1110
1088,1111
1089,1112
1090,1113
1091,1114
1092,1115
1093,1116
1094,1117
1095,1118
1096,1119
1097,1120
1098,1121
1099,1122
1100,1123
1101,1124
1102,1125
1103,1126
1104,1127
1105,1128
1106,1129
1107,1130
1108,1131
1109,1132
1110,1133
1111,1134
1112,1135
1113,1136
1114,1137
1115,1138
1116,1139
1117,1140
1118,1141
1119,1142
1120,1143
1121,1144
1122,1145
1123,1146
1124,1147
1125,1148
1126,1149
1127,1150
1128,1151
1129,1152
1130,1153
1131,1155
1132,1156
1133,1157
1134,1158
1135,1159
1136,1160
1137,1161
1138,1162
1139,1163
1140,1164
1141,1165
1142,1166
1143,1167
1144,1168
1145,1169
1146,1170
1147,1171
1148,1172
1149,1173
1150,1174
1151,1175
1152,1176
1153,1177
1154,1178
1155,1179
1156,1180
1157,1181
1158,1182
1159,1183
1160,1184
1161,1185
1162,1186
1163,1187
1164,1188
1165,1189
1166,1190
1167,1191
1168,1192
1169,1193
1170,1194
1171,1195
1172,1196
1173,1197
1174,1198
1175,1199
1176,1200
1177,1201
1178,1202
1179,1203
1180,1204
1181,1205
1182,1206
1183,1207
1184,1208
1185,1209
1186,1210
1187,1211
1188,1212
1189,1213
1190,1214
1191,1215
1192,1216
1193,1217
1194,1218
1195,1219
1196,1220
1197,1221
1198,1222
1199,1223
1200,1224
1201,1225
1202,1226
1203,1227
1204,1228
1205,1229
1206,1230
1207,1231
1208,1232
1209,1234
1210,1235
1211,1236
1212,1237
1213,1238
1214,1239
1215,1240
1216,1241
1217,1242
1218,1243
1219,1244
1220,1245
1221,1246
1222,1247
1223,1248
1224,1249
1225,1250
1226,1251
1227,1252
1228,1253
1229,1254
1230,1255
1231,1256
1232,1257
1233,1258
1234,1259
1235,1260
1236,1261
1237,1262
1238,1263
1239,1264
1240,1265
1241,1266
1242,1267
1243,1268
1244,1269
1245,1270
1246,1271
1247,1272
1248,1273
1249,1274
1250,1275
1251,1276
1252,1277
1253,1278
1254,1279
1255,1280
1256,1281
1257,1282
1258,1283
1259,1284
1260,1285
1261,1286
1262,1287
1263,1288
1264,1289
1265,1290
1266,1291
1267,1292
1268,1293
1269,1294
1270,1295
1271,1296
1272,1297
1273,1298
1274,1299
1275,1300
1276,1301
1277,1302
1278,1303
1279,1304
1280,1305
1281,1306
1282,1307
1283,1308
1284,1309
1285,1310
1286,1311
1287,1312
1288,1313
1289,1314
1290,1315
1291,1316
1292,1317
1293,1318
1294,1319
1295,1320
1296,1321
1297,1322
1298,1323
1299,1324
1300,1325
1301,1326
1302,1327
1303,1328
1304,1329
1305,1330
1306,1331
1307,1332
1308,1333
1309,1334
1310,1335
1311,1336
1312,1337
1313,1338
1314,1339
1315,1340
1316,1341
1317,1342
1318,1343
1319,1344
1320,1345
1321,1346
1322,1347
1323,1348
1324,1349
1325,1350
1326,1351
1327,1352
1328,1353
1329,1354
1330,1355
1331,1356
1332,1357
1333,1358
1334,1359
1335,1360
1336,1361
1337,1362
1338,1363
1339,1364
1340,1365
1341,1366
1342,1367
1343,1368
1344,1369
1345,1370
1346,1371
1347,1372
1348,1373
1349,1374
1350,1375
1351,1376
1352,1377
1353,1378
1354,1379
1355,1380
1356,1381
1357,1382
1358,1384
1359,1385
1360,1386
1361,1387
1362,1388
1363,1389
1364,1390
1365,1391
1366,1392
1367,1393
1368,1394
1369,1395
1370,1396
1371,1397
1372,1398
1373,1399
1374,1400
1375,1401
1376,1402
1377,1403
1378,1404
1379,1405
1380,1406
1381,1407
1382,1408
1383,1409
1384,1410
1385,1411
1386,1412
1387,1413
1388,1414
1389,1415
1390,1416
1391,1417
1392,1418
1393,1419
1394,1420
1395,1421
1396,1422
1397,1423
1398,1424
1399,1425
1400,1426
1401,1427
1402,1428
1403,1429
1404,1430
1405,1431
1406,1432
1407,1433
1408,1434
1409,1435
1410,1436
1411,1437
1412,1438
1413,1439
1414,1440
1415,1441
1416,1442
1417,1443
1418,1444
1419,1445
1420,1446
1421,1447
1422,1448
1423,1449
1424,1450
1425,1451
1426,1452
1427,1453
1428,1454
1429,1455
1430,1456
1431,1457
1432,1458
1433,1459
1434,1460
1435,1461
1436,1463
1437,1464
1438,1465
1439,1466
1440,1469
1441,1470
1442,1471
1443,1472
1444,1475
1445,1476
1446,1477
1447,1478
1448,1479
1449,1480
1450,1481
1451,1482
1452,1483
1453,1484
1454,1485
1455,1486
1456,1487
1457,1488
1458,1489
1459,1490
1460,1491
1461,1492
1462,1493
1463,1494
1464,1495
1465,1496
1466,1497
1467,1498
1468,1499
1469,1500
1470,1501
1471,1502
1472,1503
1473,1504
1474,1505
1475,1506
1476,1507
1477,1508
1478,1509
1479,1510
1480,1511
1481,1512
1482,1513
1483,1514
1484,1515
1485,1516
1486,1517
1487,1518
1488,1519
1489,1520
1490,1521
1491,1522
1492,1525
1493,1526
1494,1527
1495,1528
1496,1529
1497,1530
1498,1532
1499,1533
1500,1534
1501,1535
1502,1536
1503,1537
1504,1538
1505,1539
1506,1540
1507,1541
1508,1542
1509,1543
1510,1544
1511,1545
1512,1546
1513,1547
1514,1548
1515,1549
1516,1550
1517,1551
1518,1552
1519,1553
1520,1554
1521,1555
1522,1556
1523,1557
1524,1558
1525,1559
1526,1560
1527,1561
1528,1562
1529,1563
1530,1564
1531,1565
1532,1566
1533,1567
1534,1568
1535,1569
1536,1570
1537,1571
1538,1572
1539,1573
1540,1574
1541,1575
1542,1576
1543,1577
1544,1578
1545,1579
1546,1580
1547,1581
1548,1582
1549,1583
1550,1584
1551,1585
1552,1586
1553,1587
1554,1588
1555,1589
1556,1590
1557,1591
1558,1592
1559,1593
1560,1594
1561,1595
1562,1596
1563,1597
1564,1598
1565,1599
1566,1600
1567,1601
1568,1602
1569,1603
1570,1604
1571,1605
1572,1606
1573,1607
1574,1608
1575,1609
1576,1610
1577,1611
1578,1612
1579,1614
1580,1615
1581,1616
1582,1617
1583,1618
1584,1619
1585,1620
1586,1621
1587,1622
1588,1623
1589,1624
1590,1625
1591,1626
1592,1627
1593,1628
1594,1629
1595,1630
1596,1631
1597,1632
1598,1633
1599,1634
1600,1635
1601,1636
1602,1637
1603,1638
1604,1639
1605,1640
1606,1641
1607,1642
1608,1643
1609,1644
1610,1645
1611,1646
1612,1647
1613,1648
1614,1649
1615,1650
1616,1651
1617,1652
1618,1653
1619,1654
1620,1655
1621,1656
1622,1657
1623,1658
1624,1659
1625,1660
1626,1661
1627,1662
1628,1663
1629,1664
1630,1665
1631,1666
1632,1667
1633,1668
1634,1669
1635,1670
1636,1671
1637,1672
1638,1673
1639,1674
1640,1675
1641,1676
1642,1677
1643,1678
1644,1679
1645,1680
1646,1681
1647,1682
1648,1683
1649,1684
1650,1685
1651,1686
1652,1687
1653,1688
1654,1689
1655,1690
1656,1691
1657,1692
1658,1693
1659,1694
1660,1695
1661,1696
1662,1697
1663,1698
1664,1699
1665,1700
1666,1701
1667,1702
1668,1703
1669,1704
1670,1705
1671,1706
1672,1707
1673,1708
1674,1709
1675,1710
1676,1711
1677,1712
1678,1713
1679,1714
1680,1715
1681,1716
1682,1717
1683,1718
1684,1719
1685,1720
1686,1721
1687,1722
1688,1723
1689,1724
1690,1725
1691,1726
1692,1727
1693,1728
1694,1729
1695,1730
1696,1731
1697,1732
1698,1733
1699,1734
1700,1735
1701,1736
1702,1737
1703,1738
1704,1739
1705,1740
1706,1741
1707,1742
1708,1743
1709,1744
1710,1745
1711,1746
1712,1747
1713,1748
1714,1749
1715,1750
1716,1751
1717,1752
1718,1753
1719,1754
1720,1755
1721,1756
1722,1757
1723,1758
1724,1759
1725,1760
1726,1761
1727,1762
1728,1763
1729,1764
1730,1765
1731,1766
1732,1767
1733,1768
1734,1769
1735,1770
1736,1771
1737,1772
1738,1773
1739,1774
1740,1775
1741,1776
1742,1777
1743,1779
1744,1780
1745,1781
1746,1783
1747,1784
1748,1785
1749,1786
1750,1787
1751,1788
1752,1789
1753,1791
1754,1792
1755,1793
1756,1794
1757,1795
1758,1796
1759,1797
1760,1798
1761,1799
1762,1800
1763,1801
1764,1802
1765,1803
1766,1804
1767,1805
1768,1806
1769,1807
1770,1808
1771,1809
1772,1810
1773,1811
1774,1812
1775,1813
1776,1815
1777,1816
1778,1817
1779,1818
1780,1819
1781,1820
1782,1821
1783,1822
1784,1823
1785,1824
1786,1825
1787,1826
1788,1827
1789,1828
1790,1829
1791,1830
1792,1831
1793,1832
1794,1833
1795,1834
1796,1835
1797,1836
1798,1837
1799,1838
1800,1839
1801,1840
1802,1841
1803,1842
1804,1843
1805,1844
1806,1845
1807,1846
1808,1847
1809,1848
1810,1849
1811,1850
1812,1851
1813,1852
1814,1853
1815,1854
1816,1855
1817,1856
1818,1857
1819,1858
1820,1859
1821,1860
1822,1861
1823,1862
1824,1863
1825,1864
1826,1865
1827,1866
1828,1867
1829,1868
1830,1869
1831,1870
1832,1871
1833,1872
